player,pos,team,rec,yds_rec,tds_rec,att_rush,yds_rush,tds_rush,fl,att_pass,cmp,yds_pass,tds_pass,ints,fpts,sacks,ints,frs,ffs,tds,safeties,pas,yds_against,fg,fga,xpt
Julio Jones,WR,ATL,105.4,"1,611.3",7.8,1.9,12.8,0,1.4,0,0,0,0,0,206.7,0,0,0,0,0,0,0,0,0,0,0
Davante Adams,WR,GB,105.9,"1,316.8",12.4,0,0,0,0.7,0,0,0,0,0,204.6,0,0,0,0,0,0,0,0,0,0,0
DeAndre Hopkins,WR,HOU,108.4,"1,463.9",9.8,0.5,-2,0,1.4,0,0,0,0,0,202.3,0,0,0,0,0,0,0,0,0,0,0
Odell Beckham Jr.,WR,CLE,95.1,"1,352.8",9.9,5.4,26,0.1,0.7,0,0,0,0,0,196.2,0,0,0,0,0,0,0,0,0,0,0
JuJu Smith-Schuster,WR,PIT,105.2,"1,412.9",8.2,0.5,4.5,0,0.8,0,0,0,0,0,189.7,0,0,0,0,0,0,0,0,0,0,0
Antonio Brown,WR,OAK,103.5,"1,282.3",9.7,0,0,0,0.7,0,0,0,0,0,185.3,0,0,0,0,0,0,0,0,0,0,0
Mike Evans,WR,TB,92.4,"1,438.7",6.9,0,0,0,0.8,0,0,0,0,0,183.6,0,0,0,0,0,0,0,0,0,0,0
Michael Thomas,WR,NO,119.5,"1,367",7.7,0,0,0,0.9,0,0,0,0,0,181,0,0,0,0,0,0,0,0,0,0,0
T.Y. Hilton,WR,IND,83.9,"1,375.8",7.4,0,0,0,0.7,0,0,0,0,0,180.2,0,0,0,0,0,0,0,0,0,0,0
Keenan Allen,WR,LAC,100,"1,326.3",6.3,5.5,40,0,0.9,0,0,0,0,0,173.2,0,0,0,0,0,0,0,0,0,0,0
Adam Thielen,WR,MIN,99.1,"1,294.7",6.7,4.1,24.3,0.1,0.8,0,0,0,0,0,170.5,0,0,0,0,0,0,0,0,0,0,0
Julian Edelman,WR,NE,89.2,"1,203.2",6.3,10.2,91.7,0.1,0.8,0,0,0,0,0,166.3,0,0,0,0,0,0,0,0,0,0,0
Amari Cooper,WR,DAL,81.4,"1,157.1",8.2,2,15.6,0,1,0,0,0,0,0,165,0,0,0,0,0,0,0,0,0,0,0
A.J. Green,WR,CIN,81.2,"1,176.4",8,0,0,0,1.3,0,0,0,0,0,163.2,0,0,0,0,0,0,0,0,0,0,0
Brandin Cooks,WR,LAR,77.6,"1,182.2",5.5,8.8,54.6,0.7,0.7,0,0,0,0,0,159,0,0,0,0,0,0,0,0,0,0,0
Robert Woods,WR,LAR,84.1,"1,123.4",5.6,14.5,100.2,0.7,0.7,0,0,0,0,0,158.9,0,0,0,0,0,0,0,0,0,0,0
Cooper Kupp,WR,LAR,76,"1,013.6",7.9,4.7,28,0.1,0.7,0,0,0,0,0,150.6,0,0,0,0,0,0,0,0,0,0,0
Stefon Diggs,WR,MIN,94.1,"1,011.2",7.4,9.1,48.3,0.1,0.7,0,0,0,0,0,149.5,0,0,0,0,0,0,0,0,0,0,0
Tyreek Hill,WR,KC,59.7,959,7,12.9,84.1,0.6,0.2,0,0,0,0,0,149.2,0,0,0,0,0,0,0,0,0,0,0
Sammy Watkins,WR,KC,76.9,"1,079.7",6.3,4.2,31.2,0.1,0.8,0,0,0,0,0,147.6,0,0,0,0,0,0,0,0,0,0,0
Chris Godwin,WR,TB,78.5,"1,031.7",6,0,0,0,0.9,0,0,0,0,0,137.7,0,0,0,0,0,0,0,0,0,0,0
Alshon Jeffery,WR,PHI,74,975.6,6.9,0,0,0,0.7,0,0,0,0,0,137.3,0,0,0,0,0,0,0,0,0,0,0
Calvin Ridley,WR,ATL,68.1,869.3,7.8,6.6,35.2,0.1,0.8,0,0,0,0,0,136.2,0,0,0,0,0,0,0,0,0,0,0
Kenny Golladay,WR,DET,71.3,"1,034.7",5.4,1.5,10,0,0.7,0,0,0,0,0,135.4,0,0,0,0,0,0,0,0,0,0,0
Jarvis Landry,WR,CLE,85.1,974.1,5.3,2.9,32.5,0.6,0.7,0,0,0,0,0,134.1,0,0,0,0,0,0,0,0,0,0,0
Tyler Lockett,WR,SEA,58.8,887.1,5.9,10.1,58.5,0.1,0.7,0,0,0,0,0,129.3,0,0,0,0,0,0,0,0,0,0,0
D.J. Moore,WR,CAR,65,960.6,3.5,14.9,144.5,0.2,2.4,0,0,0,0,0,128.1,0,0,0,0,0,0,0,0,0,0,0
Robby Anderson,WR,NYJ,57.8,834.4,7.6,3,10.5,0,1.3,0,0,0,0,0,127.8,0,0,0,0,0,0,0,0,0,0,0
Mike Williams,WR,LAC,51.1,771,7.4,6.5,34.8,0.6,0.6,0,0,0,0,0,127.1,0,0,0,0,0,0,0,0,0,0,0
Tyler Boyd,WR,CIN,73.1,966.6,5,1.9,7.1,0,0.7,0,0,0,0,0,126.3,0,0,0,0,0,0,0,0,0,0,0
Dante Pettis,WR,SF,50.3,779.9,8.1,1,-1.5,0,0.7,0,0,0,0,0,125.1,0,0,0,0,0,0,0,0,0,0,0
Marvin Jones,WR,DET,57.7,838.6,6.5,0,0,0,0.8,0,0,0,0,0,121.1,0,0,0,0,0,0,0,0,0,0,0
Sterling Shepard,WR,NYG,67.9,887.1,4.5,4,26.3,0.1,0.6,0,0,0,0,0,117.6,0,0,0,0,0,0,0,0,0,0,0
Will Fuller,WR,HOU,57.4,819.9,5.4,0.5,2.5,0,0.6,0,0,0,0,0,113.5,0,0,0,0,0,0,0,0,0,0,0
Allen Robinson,WR,CHI,61.7,854.1,4.7,0.5,4.5,0,0.7,0,0,0,0,0,112.7,0,0,0,0,0,0,0,0,0,0,0
Dede Westbrook,WR,JAC,67.1,775.3,5.1,7.5,65.8,0.1,1.4,0,0,0,0,0,112.4,0,0,0,0,0,0,0,0,0,0,0
Geronimo Allison,WR,GB,59.7,844.4,4.9,0,0,0,0.7,0,0,0,0,0,112.3,0,0,0,0,0,0,0,0,0,0,0
Christian Kirk,WR,ARI,60,841.6,4.4,3.4,30.4,0,0.7,0,0,0,0,0,112.3,0,0,0,0,0,0,0,0,0,0,0
Curtis Samuel,WR,CAR,45.9,566.9,5,13.8,129.5,1.8,0.6,0,0,0,0,0,109.1,0,0,0,0,0,0,0,0,0,0,0
Courtland Sutton,WR,DEN,50.2,808.7,4.6,0.9,2.2,0,0.2,0,0,0,0,0,108.1,0,0,0,0,0,0,0,0,0,0,0
Mohamed Sanu,WR,ATL,63.3,805.7,4.1,5.7,32.7,0.1,0.7,0,0,0,0,0,107.4,0,0,0,0,0,0,0,0,0,0,0
DeSean Jackson,WR,PHI,47.9,761,4.3,5,31.7,0.6,0.6,0,0,0,0,0,107.1,0,0,0,0,0,0,0,0,0,0,0
Corey Davis,WR,TEN,59.1,795.6,4.2,4.6,33.9,0.1,0.7,0,0,0,0,0,106.9,0,0,0,0,0,0,0,0,0,0,0
Tyrell Williams,WR,OAK,55.7,828.9,4,0.5,5,0,0.8,0,0,0,0,0,105.7,0,0,0,0,0,0,0,0,0,0,0
Larry Fitzgerald,WR,ARI,68.3,714.6,5.8,0,0,0,0.7,0,0,0,0,0,104.7,0,0,0,0,0,0,0,0,0,0,0
Kenny Stills,WR,MIA,49.6,722.2,5.4,0,0,0,0.7,0,0,0,0,0,103.1,0,0,0,0,0,0,0,0,0,0,0
Donte Moncrief,WR,PIT,52.2,727,4.9,0,0,0,0.6,0,0,0,0,0,100.6,0,0,0,0,0,0,0,0,0,0,0
Golden Tate,WR,NYG,73.1,798,3.2,4,26.3,0,0.8,0,0,0,0,0,100.4,0,0,0,0,0,0,0,0,0,0,0
Keke Coutee,WR,HOU,68.1,734.6,4,7.1,25,0.1,0.7,0,0,0,0,0,99.4,0,0,0,0,0,0,0,0,0,0,0
Marquise Brown,WR,BAL,42.4,647.1,4.1,12.2,85.5,0.6,1.1,0,0,0,0,0,98.9,0,0,0,0,0,0,0,0,0,0,0
N'Keal Harry,WR,NE,49.5,707.5,4.7,2.2,13.1,0,1.2,0,0,0,0,0,98,0,0,0,0,0,0,0,0,0,0,0
Jamison Crowder,WR,NYJ,54.4,711,4.1,5,33.2,0,0.7,0,0,0,0,0,97.8,0,0,0,0,0,0,0,0,0,0,0
Marqise Lee,WR,JAC,63.1,776.9,3,3,20.4,0,0.6,0,0,0,0,0,96.8,0,0,0,0,0,0,0,0,0,0,0
Michael Gallup,WR,DAL,48.1,728.8,3.9,0,0,0,0.2,0,0,0,0,0,96.1,0,0,0,0,0,0,0,0,0,0,0
James Washington,WR,PIT,52.8,727.3,4,0,0,0,0.6,0,0,0,0,0,95.7,0,0,0,0,0,0,0,0,0,0,0
Parris Campbell,WR,IND,53.5,660.5,4.7,3,17.4,0,1.2,0,0,0,0,0,93.6,0,0,0,0,0,0,0,0,0,0,0
Albert Wilson,WR,MIA,50.5,666.1,3.6,12,43.5,0.2,0.6,0,0,0,0,0,92.6,0,0,0,0,0,0,0,0,0,0,0
DaeSean Hamilton,WR,DEN,65,646.3,4.7,0,0,0,0.7,0,0,0,0,0,91.5,0,0,0,0,0,0,0,0,0,0,0
Marquise Goodwin,WR,SF,37.9,630.1,4.4,3.4,18.7,0,0.1,0,0,0,0,0,91.4,0,0,0,0,0,0,0,0,0,0,0
John Brown,WR,BUF,40.4,644.9,4.4,1,2,0,0.1,0,0,0,0,0,91,0,0,0,0,0,0,0,0,0,0,0
Emmanuel Sanders,WR,DEN,57.2,682.8,2.6,2.6,27.2,0.5,0.6,0,0,0,0,0,88.5,0,0,0,0,0,0,0,0,0,0,0
Marquez Valdes-Scantling,WR,GB,44.7,665.8,3.2,2.8,25.6,0,0.6,0,0,0,0,0,87.1,0,0,0,0,0,0,0,0,0,0,0
Mecole Hardman,WR,KC,38.1,581.7,4.2,6.6,38.2,0.2,0.6,0,0,0,0,0,86.8,0,0,0,0,0,0,0,0,0,0,0
Paul Richardson,WR,WAS,44.7,632,3.6,2.9,16.5,0,0.1,0,0,0,0,0,86.5,0,0,0,0,0,0,0,0,0,0,0
D.K. Metcalf,WR,SEA,36.3,550.7,5.3,1,6,0,0.6,0,0,0,0,0,86.1,0,0,0,0,0,0,0,0,0,0,0
Anthony Miller,WR,CHI,35.9,476.3,5.9,4.5,24,0,0.1,0,0,0,0,0,85.6,0,0,0,0,0,0,0,0,0,0,0
Andy Isabella,WR,ARI,44.4,600.5,3.7,3.8,22.8,0.1,0.3,0,0,0,0,0,84.2,0,0,0,0,0,0,0,0,0,0,0
Ted Ginn,WR,NO,41.5,557.9,3.8,9.4,56.9,0.1,0.6,0,0,0,0,0,83.5,0,0,0,0,0,0,0,0,0,0,0
Devin Funchess,WR,IND,42.7,535.5,4.9,0,0,0,0.1,0,0,0,0,0,82.8,0,0,0,0,0,0,0,0,0,0,0
Zay Jones,WR,BUF,42.4,520.4,5.1,0.5,0,0,0.1,0,0,0,0,0,82.4,0,0,0,0,0,0,0,0,0,0,0
Deebo Samuel,WR,SF,43.3,604.3,3.5,2.9,17.5,0.1,0.6,0,0,0,0,0,82.2,0,0,0,0,0,0,0,0,0,0,0
David Moore,WR,SEA,34,520.3,5,0.5,2.5,0,0.1,0,0,0,0,0,81.9,0,0,0,0,0,0,0,0,0,0,0
Josh Doctson,WR,WAS,47.5,590.8,3.3,0,-1,0,0.1,0,0,0,0,0,78.8,0,0,0,0,0,0,0,0,0,0,0
Quincy Enunwa,WR,NYJ,51.9,637.2,2.7,0.5,0,0,0.7,0,0,0,0,0,78.3,0,0,0,0,0,0,0,0,0,0,0
Devante Parker,WR,MIA,50.9,606.9,2.7,0,0,0,0.3,0,0,0,0,0,76.4,0,0,0,0,0,0,0,0,0,0,0
Antonio Callaway,WR,CLE,38.3,520.8,4.2,1,3,0,0.6,0,0,0,0,0,76.3,0,0,0,0,0,0,0,0,0,0,0
Adam Humphries,WR,TEN,55.6,575.1,2.3,3.1,18.9,0.1,0.6,0,0,0,0,0,72.4,0,0,0,0,0,0,0,0,0,0,0
D.J. Chark,WR,JAC,43.8,563.5,2.7,0,0,0,0.3,0,0,0,0,0,72.3,0,0,0,0,0,0,0,0,0,0,0
Tre'Quan Smith,WR,NO,32.5,457.7,4.4,0.5,3,0,0.1,0,0,0,0,0,72.2,0,0,0,0,0,0,0,0,0,0,0
Demaryius Thomas,WR,NE,40.5,505.4,3.4,0,0,0,0.6,0,0,0,0,0,69.8,0,0,0,0,0,0,0,0,0,0,0
Breshad Perriman,WR,TB,29.1,526,2.6,3.8,11.9,0,0.1,0,0,0,0,0,69.4,0,0,0,0,0,0,0,0,0,0,0
Taylor Gabriel,WR,CHI,49.1,514.2,1.9,8,55.8,0.1,0.7,0,0,0,0,0,67.8,0,0,0,0,0,0,0,0,0,0,0
Cole Beasley,WR,BUF,50,537.6,2.4,0,0,0,0.1,0,0,0,0,0,67.6,0,0,0,0,0,0,0,0,0,0,0
A.J. Brown,WR,TEN,38.1,488.3,3.1,1,6,0,0.6,0,0,0,0,0,66.9,0,0,0,0,0,0,0,0,0,0,0
Nelson Agholor,WR,PHI,40.9,460.3,3,3.5,28.8,0.1,0.1,0,0,0,0,0,66.8,0,0,0,0,0,0,0,0,0,0,0
Randall Cobb,WR,DAL,44.3,473.3,3.1,4.1,15.6,0.1,0.6,0,0,0,0,0,66.4,0,0,0,0,0,0,0,0,0,0,0
Rashard Higgins,WR,CLE,34.1,473.6,3.3,0,0.5,0,0.6,0,0,0,0,0,66.3,0,0,0,0,0,0,0,0,0,0,0
Danny Amendola,WR,DET,60.4,559.1,1.7,1.5,6,0,0.6,0,0,0,0,0,65.6,0,0,0,0,0,0,0,0,0,0,0
Robert Foster,WR,BUF,29.8,486,2.7,0,0,0,0.1,0,0,0,0,0,64.8,0,0,0,0,0,0,0,0,0,0,0
Willie Snead,WR,BAL,52.3,569.8,1.5,0,0,0,0.7,0,0,0,0,0,64.7,0,0,0,0,0,0,0,0,0,0,0
Demarcus Robinson,WR,KC,29.2,385.6,3.5,0,0,0,0.1,0,0,0,0,0,59.5,0,0,0,0,0,0,0,0,0,0,0
Travis Benjamin,WR,LAC,26.9,390.8,2.3,9,56.4,0.1,0.1,0,0,0,0,0,58.8,0,0,0,0,0,0,0,0,0,0,0
Trey Quinn,WR,WAS,34.2,425.9,2.2,3.8,22.9,0.1,0.2,0,0,0,0,0,58.1,0,0,0,0,0,0,0,0,0,0,0
Hakeem Butler,WR,ARI,25.8,396.7,3.1,0,0,0,0.2,0,0,0,0,0,57.7,0,0,0,0,0,0,0,0,0,0,0
Miles Boykin,WR,BAL,30.4,425.3,2.5,0,0,0,0.2,0,0,0,0,0,56.9,0,0,0,0,0,0,0,0,0,0,0
John Ross,WR,CIN,26.4,277.7,4.5,4.4,18.2,0,0.1,0,0,0,0,0,56.4,0,0,0,0,0,0,0,0,0,0,0
Tim Patrick,WR,DEN,33.6,428.7,1.8,3.9,23.3,0.1,0.2,0,0,0,0,0,56.3,0,0,0,0,0,0,0,0,0,0,0
Chris Conley,WR,JAC,36.2,409.1,2.4,0,0,0,0.3,0,0,0,0,0,54.6,0,0,0,0,0,0,0,0,0,0,0
Phillip Dorsett,WR,NE,28.2,335.9,2.9,3.2,21.1,0,0.1,0,0,0,0,0,53.3,0,0,0,0,0,0,0,0,0,0,0
Keelan Cole,WR,JAC,30.5,449.3,1.4,0,0,0,1.1,0,0,0,0,0,51.3,0,0,0,0,0,0,0,0,0,0,0
Chris Hogan,WR,CAR,25.7,343.5,2.4,0.5,3,0,0.1,0,0,0,0,0,49.1,0,0,0,0,0,0,0,0,0,0,0
Jarius Wright,WR,CAR,32.2,343.1,2,4.2,25,0.1,0.3,0,0,0,0,0,48.7,0,0,0,0,0,0,0,0,0,0,0
Equanimeous St. Brown,WR,GB,29.2,421.1,0.8,0.5,3.5,0,0.1,0,0,0,0,0,47.1,0,0,0,0,0,0,0,0,0,0,0
Jakeem Grant,WR,MIA,30.9,379.4,1.5,0,0,0,0.2,0,0,0,0,0,46.5,0,0,0,0,0,0,0,0,0,0,0
Josh Reynolds,WR,LAR,20.2,269.8,2.7,4.2,28,0.1,0,0,0,0,0,0,46.3,0,0,0,0,0,0,0,0,0,0,0
Diontae Johnson,WR,PIT,27.4,347.1,1.5,3.8,22.8,0.1,0.2,0,0,0,0,0,45.9,0,0,0,0,0,0,0,0,0,0,0
Chad Beebe,WR,MIN,32.8,366.1,1.5,0,0,0,0.2,0,0,0,0,0,44.9,0,0,0,0,0,0,0,0,0,0,0
Terry McLaurin,WR,WAS,25.8,352.6,1.6,0,0,0,0.2,0,0,0,0,0,44.4,0,0,0,0,0,0,0,0,0,0,0
Justin Hardy,WR,ATL,24.2,258.7,2.9,0,0,0,0.1,0,0,0,0,0,43,0,0,0,0,0,0,0,0,0,0,0
Jaron Brown,WR,SEA,16.8,216.4,3.2,0,0,0,0,0,0,0,0,0,40.6,0,0,0,0,0,0,0,0,0,0,0
Jalen Hurd,WR,SF,19.9,251.4,1.6,5.7,34.5,0.2,0.1,0,0,0,0,0,38.9,0,0,0,0,0,0,0,0,0,0,0
J.J. Nelson,WR,OAK,19.4,252.7,1.8,3.5,22.8,0.1,0.2,0,0,0,0,0,38.9,0,0,0,0,0,0,0,0,0,0,0
Cody Latimer,WR,NYG,18.7,277,1.5,0,0,0,0.1,0,0,0,0,0,36.6,0,0,0,0,0,0,0,0,0,0,0
Riley Ridley,WR,CHI,19.3,249.6,1.8,0,0,0,0.1,0,0,0,0,0,35.7,0,0,0,0,0,0,0,0,0,0,0
J.J. Arcega-Whiteside,WR,PHI,16.6,225.7,2.2,0,0,0,0.1,0,0,0,0,0,35.4,0,0,0,0,0,0,0,0,0,0,0
Kelvin Harmon,WR,WAS,18.7,266.9,1.5,0,0,0,0.1,0,0,0,0,0,35.2,0,0,0,0,0,0,0,0,0,0,0
Keith Kirkwood,WR,NO,15.3,204.1,2.3,0,0,0,0,0,0,0,0,0,34.2,0,0,0,0,0,0,0,0,0,0,0
Hunter Renfrow,WR,OAK,23.7,257.2,1,0,0,0,0.1,0,0,0,0,0,31.6,0,0,0,0,0,0,0,0,0,0,0
Justin Watson,WR,TB,17.6,216.2,1.5,0,0,0,0.1,0,0,0,0,0,30.6,0,0,0,0,0,0,0,0,0,0,0
Kendrick Bourne,WR,SF,17.5,216,1.5,0,0,0,0,0,0,0,0,0,30.6,0,0,0,0,0,0,0,0,0,0,0
Jordan Matthews,WR,SF,12.5,206.5,1.5,0,0,0,0,0,0,0,0,0,29.7,0,0,0,0,0,0,0,0,0,0,0
Johnny Holton,WR,PIT,6,145,2.5,0,0,0,0.5,0,0,0,0,0,28.5,0,0,0,0,0,0,0,0,0,0,0
Trent Sherfield,WR,ARI,18,214,1,0,0,0,0,0,0,0,0,0,27.4,0,0,0,0,0,0,0,0,0,0,0
Cordarrelle Patterson,WR,CHI,7.2,78.6,0.5,16,96.8,0.5,0.1,0,0,0,0,0,23.5,0,0,0,0,0,0,0,0,0,0,0
Tavon Austin,WR,DAL,9.9,97.5,0.7,10.2,58.7,0.3,0.1,0,0,0,0,0,21.6,0,0,0,0,0,0,0,0,0,0,0
Chris Moore,WR,BAL,10.8,134.4,0.7,5.5,31.3,0.1,0.1,0,0,0,0,0,21.2,0,0,0,0,0,0,0,0,0,0,0
Eli Rogers,WR,PIT,13.1,123.9,0.7,5.7,34.2,0.2,0.1,0,0,0,0,0,20.8,0,0,0,0,0,0,0,0,0,0,0
Laquon Treadwell,WR,MIN,14.4,148.9,0.9,0,0,0,0.1,0,0,0,0,0,19.9,0,0,0,0,0,0,0,0,0,0,0
Cameron Meredith,WR,NO,10.9,148.8,0.9,0,0,0,0.1,0,0,0,0,0,19.9,0,0,0,0,0,0,0,0,0,0,0
Jake Kumerow,WR,GB,10.7,137.8,0.9,0,0,0,0.1,0,0,0,0,0,19.2,0,0,0,0,0,0,0,0,0,0,0
Deon Cain,WR,IND,11,142.8,0.8,0,0,0,0.1,0,0,0,0,0,19,0,0,0,0,0,0,0,0,0,0,0
Travis Fulgham,WR,DET,9.8,129.8,0.6,0,0,0,0.1,0,0,0,0,0,16.2,0,0,0,0,0,0,0,0,0,0,0
KeeSean Johnson,WR,ARI,9.5,128.7,0.6,0,0,0,0.1,0,0,0,0,0,16.1,0,0,0,0,0,0,0,0,0,0,0
Corey Coleman,WR,NYG,8.9,110.1,0.8,0,0,0,0,0,0,0,0,0,15.8,0,0,0,0,0,0,0,0,0,0,0
Torrey Smith,WR,CAR,8.5,97.1,0.8,0,0,0,0,0,0,0,0,0,14.6,0,0,0,0,0,0,0,0,0,0,0
Chester Rogers,WR,IND,8.4,80.6,0.5,4,23.8,0.1,0.1,0,0,0,0,0,13.9,0,0,0,0,0,0,0,0,0,0,0
Russell Gage,WR,ATL,7.1,90.7,0.7,0,0,0,0,0,0,0,0,0,12.9,0,0,0,0,0,0,0,0,0,0,0
Braxton Berrios,WR,NE,8.2,97.4,0.4,0,0,0,0.1,0,0,0,0,0,12.1,0,0,0,0,0,0,0,0,0,0,0
Isaiah McKenzie,WR,BUF,2.9,35.3,0.2,8.5,51.5,0.4,0.1,0,0,0,0,0,11.8,0,0,0,0,0,0,0,0,0,0,0
Darius Slayton,WR,NYG,6.2,88.3,0.5,0,0,0,0,0,0,0,0,0,11.7,0,0,0,0,0,0,0,0,0,0,0
Richie James,WR,SF,6.8,85.2,0.5,0,0,0,0,0,0,0,0,0,11.7,0,0,0,0,0,0,0,0,0,0,0
Deontay Burnett,WR,NYJ,6.3,84.3,0.5,0,0,0,0,0,0,0,0,0,11.6,0,0,0,0,0,0,0,0,0,0,0
Gehrig Dieter,WR,KC,6.5,77.8,0.6,0,0,0,0,0,0,0,0,0,11.5,0,0,0,0,0,0,0,0,0,0,0
Marcell Ateman,WR,OAK,7,83.1,0.5,0,0,0,0,0,0,0,0,0,10.9,0,0,0,0,0,0,0,0,0,0,0
Josh Bellamy,WR,NYJ,5.9,72.9,0.5,0,0,0,0,0,0,0,0,0,10.3,0,0,0,0,0,0,0,0,0,0,0
Ryan Grant,WR,OAK,7.7,78.8,0.4,0,0,0,0,0,0,0,0,0,9.9,0,0,0,0,0,0,0,0,0,0,0
Taywan Taylor,WR,TEN,5.6,73.9,0.4,0,0,0,0,0,0,0,0,0,9.5,0,0,0,0,0,0,0,0,0,0,0
Preston Williams,WR,MIA,6,72.1,0.3,0,0,0,0,0,0,0,0,0,9.1,0,0,0,0,0,0,0,0,0,0,0
Alex Erickson,WR,CIN,5.2,58.1,0.3,1.9,11.2,0,0,0,0,0,0,0,8.8,0,0,0,0,0,0,0,0,0,0,0
Seth Roberts,WR,BAL,5.8,61.5,0.3,0,0,0,0,0,0,0,0,0,7.8,0,0,0,0,0,0,0,0,0,0,0
Dylan Cantrell,WR,LAC,4.6,54.3,0.4,0,0,0,0,0,0,0,0,0,7.7,0,0,0,0,0,0,0,0,0,0,0
Damion Ratley,WR,CLE,3.4,44.5,0.3,0,0,0,0,0,0,0,0,0,6.4,0,0,0,0,0,0,0,0,0,0,0
Mack Hollins,WR,PHI,3.5,44.4,0.3,0,0,0,0,0,0,0,0,0,6.4,0,0,0,0,0,0,0,0,0,0,0
Trevor Davis,WR,GB,3.5,45.2,0.3,0,0,0,0,0,0,0,0,0,6.3,0,0,0,0,0,0,0,0,0,0,0
Jordan Taylor,WR,MIN,3.3,43.6,0.3,0,0,0,0,0,0,0,0,0,6,0,0,0,0,0,0,0,0,0,0,0
Vyncint Smith,WR,HOU,3,41.9,0.3,0,0,0,0,0,0,0,0,0,5.9,0,0,0,0,0,0,0,0,0,0,0
Ryan Switzer,WR,PIT,4.8,39.5,0.3,0,0,0,0,0,0,0,0,0,5.6,0,0,0,0,0,0,0,0,0,0,0
Bennie Fowler,WR,NYG,3.3,39.8,0.3,0,0,0,0,0,0,0,0,0,5.6,0,0,0,0,0,0,0,0,0,0,0
Ricardo Louis,WR,MIA,3.2,42.6,0.2,0,0,0,0,0,0,0,0,0,5.4,0,0,0,0,0,0,0,0,0,0,0
DeAndre Carter,WR,HOU,3.4,40.2,0.2,0,0,0,0,0,0,0,0,0,5.3,0,0,0,0,0,0,0,0,0,0,0
Cody Core,WR,CIN,3.2,40.7,0.2,0,0,0,0,0,0,0,0,0,5.2,0,0,0,0,0,0,0,0,0,0,0
Andy Jones,WR,DET,3.3,38,0.2,0,0,0,0,0,0,0,0,0,5.2,0,0,0,0,0,0,0,0,0,0,0
Bobo Wilson,WR,TB,3.3,37.1,0.2,0,0,0,0,0,0,0,0,0,5,0,0,0,0,0,0,0,0,0,0,0
Tajae Sharpe,WR,TEN,2.8,32.9,0.2,0,0,0,0,0,0,0,0,0,4.7,0,0,0,0,0,0,0,0,0,0,0
Andre Roberts,WR,BUF,2.9,35.6,0.2,0,0,0,0,0,0,0,0,0,4.5,0,0,0,0,0,0,0,0,0,0,0
Jordan Lasley,WR,BAL,2.5,29.9,0.2,0,0,0,0,0,0,0,0,0,3.9,0,0,0,0,0,0,0,0,0,0,0
Noah Brown,WR,DAL,2,25.6,0.2,0,0,0,0,0,0,0,0,0,3.6,0,0,0,0,0,0,0,0,0,0,0
River Cracraft,WR,DEN,2.4,27.6,0.1,0,0,0,0,0,0,0,0,0,3.5,0,0,0,0,0,0,0,0,0,0,0
Marcus Kemp,WR,KC,1.6,19.7,0.2,0,0,0,0,0,0,0,0,0,3,0,0,0,0,0,0,0,0,0,0,0
Dwayne Harris,WR,OAK,0,0,0,3.5,21.1,0.1,0,0,0,0,0,0,2.7,0,0,0,0,0,0,0,0,0,0,0
Geremy Davis,WR,LAC,1.5,18.1,0.1,0,0,0,0,0,0,0,0,0,2.6,0,0,0,0,0,0,0,0,0,0,0
Allen Hurns,WR,DAL,1.2,16.1,0.1,0,0,0,0,0,0,0,0,0,2.2,0,0,0,0,0,0,0,0,0,0,0
Artavis Scott,WR,LAC,0,0,0,0,0,0,0,0,0,0,0,0,0,0,0,0,0,0,0,0,0,0,0,0
Austin Proehl,WR,LAR,0,0,0,0,0,0,0,0,0,0,0,0,0,0,0,0,0,0,0,0,0,0,0,0
Carlton Agudosi,WR,PHI,0,0,0,0,0,0,0,0,0,0,0,0,0,0,0,0,0,0,0,0,0,0,0,0
Brittan Golden,WR,NYG,0,0,0,0,0,0,0,0,0,0,0,0,0,0,0,0,0,0,0,0,0,0,0,0
Brian Quick,WR,WAS,0,0,0,0,0,0,0,0,0,0,0,0,0,0,0,0,0,0,0,0,0,0,0,0
Chris Thompson,WR,WAS,0,0,0,0,0,0,0,0,0,0,0,0,0,0,0,0,0,0,0,0,0,0,0,0
Derrick Willies,WR,CLE,0,0,0,0,0,0,0,0,0,0,0,0,0,0,0,0,0,0,0,0,0,0,0,0
Quincy Adeboyejo,WR,BAL,0,0,0,0,0,0,0,0,0,0,0,0,0,0,0,0,0,0,0,0,0,0,0,0
Victor Bolden Jr.,WR,BUF,0,0,0,0,0,0,0,0,0,0,0,0,0,0,0,0,0,0,0,0,0,0,0,0
Jaelen Strong,WR,CLE,0,0,0,0,0,0,0,0,0,0,0,0,0,0,0,0,0,0,0,0,0,0,0,0
Tommylee Lewis,WR,DET,0,0,0,0,0,0,0,0,0,0,0,0,0,0,0,0,0,0,0,0,0,0,0,0
Darius Jennings,WR,TEN,0,0,0,0,0,0,0,0,0,0,0,0,0,0,0,0,0,0,0,0,0,0,0,0
Olabisi Johnson,WR,MIN,0,0,0,0,0,0,0,0,0,0,0,0,0,0,0,0,0,0,0,0,0,0,0,0
Khadarel Hodge,WR,LAR,0,0,0,0,0,0,0,0,0,0,0,0,0,0,0,0,0,0,0,0,0,0,0,0
Damiere Byrd,WR,ARI,0,0,0,0,0,0,0,0,0,0,0,0,0,0,0,0,0,0,0,0,0,0,0,0
Matt Slater,WR,NE,0,0,0,0,0,0,0,0,0,0,0,0,0,0,0,0,0,0,0,0,0,0,0,0
Charles Johnson,WR,PHI,0,0,0,0,0,0,0,0,0,0,0,0,0,0,0,0,0,0,0,0,0,0,0,0
Isaac Whitney,WR,HOU,0,0,0,0,0,0,0,0,0,0,0,0,0,0,0,0,0,0,0,0,0,0,0,0
Jawill Davis,WR,GB,0,0,0,0,0,0,0,0,0,0,0,0,0,0,0,0,0,0,0,0,0,0,0,0
Shelton Gibson,WR,PHI,0,0,0,0,0,0,0,0,0,0,0,0,0,0,0,0,0,0,0,0,0,0,0,0
Braxton Miller,WR,PHI,0,0,0,0,0,0,0,0,0,0,0,0,0,0,0,0,0,0,0,0,0,0,0,0
Tanner Gentry,WR,CHI,0,0,0,0,0,0,0,0,0,0,0,0,0,0,0,0,0,0,0,0,0,0,0,0
Da'Mari Scott,WR,BUF,0,0,0,0,0,0,0,0,0,0,0,0,0,0,0,0,0,0,0,0,0,0,0,0
Cedrick Wilson,WR,DAL,0,0,0,0,0,0,0,0,0,0,0,0,0,0,0,0,0,0,0,0,0,0,0,0
JoJo Natson,WR,LAR,0,0,0,0,0,0,0,0,0,0,0,0,0,0,0,0,0,0,0,0,0,0,0,0
Mike Thomas,WR,LAR,0,0,0,0,0,0,0,0,0,0,0,0,0,0,0,0,0,0,0,0,0,0,0,0
Jehu Chesson,WR,WAS,0,0,0,0,0,0,0,0,0,0,0,0,0,0,0,0,0,0,0,0,0,0,0,0
Russell Shepard,WR,NYG,0,0,0,0,0,0,0,0,0,0,0,0,0,0,0,0,0,0,0,0,0,0,0,0
Tim White,WR,NYJ,0,0,0,0,0,0,0,0,0,0,0,0,0,0,0,0,0,0,0,0,0,0,0,0
Malachi Dupre,WR,ARI,0,0,0,0,0,0,0,0,0,0,0,0,0,0,0,0,0,0,0,0,0,0,0,0
Tyler Ervin,WR,BAL,0,0,0,0,0,0,0,0,0,0,0,0,0,0,0,0,0,0,0,0,0,0,0,0
Maurice Harris,WR,NE,0,0,0,0,0,0,0,0,0,0,0,0,0,0,0,0,0,0,0,0,0,0,0,0
Terry Godwin,WR,CAR,0,0,0,0,0,0,0,0,0,0,0,0,0,0,0,0,0,0,0,0,0,0,0,0
Auden Tate,WR,CIN,0,0,0,0,0,0,0,0,0,0,0,0,0,0,0,0,0,0,0,0,0,0,0,0
Marcus Johnson,WR,IND,0,0,0,0,0,0,0,0,0,0,0,0,0,0,0,0,0,0,0,0,0,0,0,0
Dontrelle Inman,WR,NE,0,0,0,0,0,0,0,0,0,0,0,0,0,0,0,0,0,0,0,0,0,0,0,0
Trent Taylor,WR,SF,0,0,0,0,0,0,0,0,0,0,0,0,0,0,0,0,0,0,0,0,0,0,0,0
Greg Dortch,WR,NYJ,0,0,0,0,0,0,0,0,0,0,0,0,0,0,0,0,0,0,0,0,0,0,0,0
Cam Phillips,WR,BUF,0,0,0,0,0,0,0,0,0,0,0,0,0,0,0,0,0,0,0,0,0,0,0,0
Chris Lacy,WR,DET,0,0,0,0,0,0,0,0,0,0,0,0,0,0,0,0,0,0,0,0,0,0,0,0
Chad Williams,WR,ARI,0,0,0,0,0,0,0,0,0,0,0,0,0,0,0,0,0,0,0,0,0,0,0,0
Marken Michel,WR,PHI,0,0,0,0,0,0,0,0,0,0,0,0,0,0,0,0,0,0,0,0,0,0,0,0
DeAngelo Yancey,WR,NYJ,0,0,0,0,0,0,0,0,0,0,0,0,0,0,0,0,0,0,0,0,0,0,0,0
Robert Davis,WR,WAS,0,0,0,0,0,0,0,0,0,0,0,0,0,0,0,0,0,0,0,0,0,0,0,0
Cam Sims,WR,WAS,0,0,0,0,0,0,0,0,0,0,0,0,0,0,0,0,0,0,0,0,0,0,0,0
Marvin Hall,WR,CHI,0,0,0,0,0,0,0,0,0,0,0,0,0,0,0,0,0,0,0,0,0,0,0,0
Juwann Winfree,WR,DEN,0,0,0,0,0,0,0,0,0,0,0,0,0,0,0,0,0,0,0,0,0,0,0,0
Austin Carr,WR,NO,0,0,0,0,0,0,0,0,0,0,0,0,0,0,0,0,0,0,0,0,0,0,0,0
Brandon Zylstra,WR,MIN,0,0,0,0,0,0,0,0,0,0,0,0,0,0,0,0,0,0,0,0,0,0,0,0
Antoine Wesley,WR,BAL,0,0,0,0,0,0,0,0,0,0,0,0,0,0,0,0,0,0,0,0,0,0,0,0
Hunter Sharp,WR,CIN,0,0,0,0,0,0,0,0,0,0,0,0,0,0,0,0,0,0,0,0,0,0,0,0
Malik Turner,WR,SEA,0,0,0,0,0,0,0,0,0,0,0,0,0,0,0,0,0,0,0,0,0,0,0,0
Jaleel Scott,WR,BAL,0,0,0,0,0,0,0,0,0,0,0,0,0,0,0,0,0,0,0,0,0,0,0,0
Max McCaffrey,WR,SF,0,0,0,0,0,0,0,0,0,0,0,0,0,0,0,0,0,0,0,0,0,0,0,0
Daurice Fountain,WR,IND,0,0,0,0,0,0,0,0,0,0,0,0,0,0,0,0,0,0,0,0,0,0,0,0
Quadree Henderson,WR,NYJ,0,0,0,0,0,0,0,0,0,0,0,0,0,0,0,0,0,0,0,0,0,0,0,0
Emanuel Hall,WR,CHI,0,0,0,0,0,0,0,0,0,0,0,0,0,0,0,0,0,0,0,0,0,0,0,0
Byron Pringle,WR,KC,0,0,0,0,0,0,0,0,0,0,0,0,0,0,0,0,0,0,0,0,0,0,0,0
Damore'ea Stringfellow,WR,SEA,0,0,0,0,0,0,0,0,0,0,0,0,0,0,0,0,0,0,0,0,0,0,0,0
Pharoh Cooper,WR,ARI,0,0,0,0,0,0,0,0,0,0,0,0,0,0,0,0,0,0,0,0,0,0,0,0
Kevin White,WR,ARI,0,0,0,0,0,0,0,0,0,0,0,0,0,0,0,0,0,0,0,0,0,0,0,0
Darvin Kidsy,WR,WAS,0,0,0,0,0,0,0,0,0,0,0,0,0,0,0,0,0,0,0,0,0,0,0,0
Devin Smith,WR,DAL,0,0,0,0,0,0,0,0,0,0,0,0,0,0,0,0,0,0,0,0,0,0,0,0
Rashad Ross,WR,CAR,0,0,0,0,0,0,0,0,0,0,0,0,0,0,0,0,0,0,0,0,0,0,0,0
Brandon Powell,WR,DET,0,0,0,0,0,0,0,0,0,0,0,0,0,0,0,0,0,0,0,0,0,0,0,0
Moritz Bohringer,WR,CIN,0,0,0,0,0,0,0,0,0,0,0,0,0,0,0,0,0,0,0,0,0,0,0,0
Kalif Raymond,WR,TEN,0,0,0,0,0,0,0,0,0,0,0,0,0,0,0,0,0,0,0,0,0,0,0,0
Cam Batson,WR,TEN,0,0,0,0,0,0,0,0,0,0,0,0,0,0,0,0,0,0,0,0,0,0,0,0
Scott Miller,WR,TB,0,0,0,0,0,0,0,0,0,0,0,0,0,0,0,0,0,0,0,0,0,0,0,0
J.J. Jones,WR,NYJ,0,0,0,0,0,0,0,0,0,0,0,0,0,0,0,0,0,0,0,0,0,0,0,0
Zach Pascal,WR,IND,0,0,0,0,0,0,0,0,0,0,0,0,0,0,0,0,0,0,0,0,0,0,0,0
J'Mon Moore,WR,GB,0,0,0,0,0,0,0,0,0,0,0,0,0,0,0,0,0,0,0,0,0,0,0,0
Simmie Cobbs Jr.,WR,NO,0,0,0,0,0,0,0,0,0,0,0,0,0,0,0,0,0,0,0,0,0,0,0,0
Keenan Reynolds,WR,SEA,0,0,0,0,0,0,0,0,0,0,0,0,0,0,0,0,0,0,0,0,0,0,0,0
Mose Frazier,WR,CAR,0,0,0,0,0,0,0,0,0,0,0,0,0,0,0,0,0,0,0,0,0,0,0,0
Keon Hatcher,WR,OAK,0,0,0,0,0,0,0,0,0,0,0,0,0,0,0,0,0,0,0,0,0,0,0,0
Amara Darboh,WR,SEA,0,0,0,0,0,0,0,0,0,0,0,0,0,0,0,0,0,0,0,0,0,0,0,0
Alonzo Russell,WR,NYG,0,0,0,0,0,0,0,0,0,0,0,0,0,0,0,0,0,0,0,0,0,0,0,0
Ray-Ray McCloud,WR,BUF,0,0,0,0,0,0,0,0,0,0,0,0,0,0,0,0,0,0,0,0,0,0,0,0
John Ursua,WR,SEA,0,0,0,0,0,0,0,0,0,0,0,0,0,0,0,0,0,0,0,0,0,0,0,0
DeAndrew White,WR,CAR,0,0,0,0,0,0,0,0,0,0,0,0,0,0,0,0,0,0,0,0,0,0,0,0
Josh Malone,WR,CIN,0,0,0,0,0,0,0,0,0,0,0,0,0,0,0,0,0,0,0,0,0,0,0,0
Brice Butler,WR,MIA,0,0,0,0,0,0,0,0,0,0,0,0,0,0,0,0,0,0,0,0,0,0,0,0
Jester Weah,WR,HOU,0,0,0,0,0,0,0,0,0,0,0,0,0,0,0,0,0,0,0,0,0,0,0,0
Allen Lazard,WR,GB,0,0,0,0,0,0,0,0,0,0,0,0,0,0,0,0,0,0,0,0,0,0,0,0
Aaron Burbridge,WR,DEN,0,0,0,0,0,0,0,0,0,0,0,0,0,0,0,0,0,0,0,0,0,0,0,0
Charone Peake,WR,NYJ,0,0,0,0,0,0,0,0,0,0,0,0,0,0,0,0,0,0,0,0,0,0,0,0
Krishawn Hogan,WR,IND,0,0,0,0,0,0,0,0,0,0,0,0,0,0,0,0,0,0,0,0,0,0,0,0
Isaiah Ford,WR,MIA,0,0,0,0,0,0,0,0,0,0,0,0,0,0,0,0,0,0,0,0,0,0,0,0
Javon Wims,WR,CHI,0,0,0,0,0,0,0,0,0,0,0,0,0,0,0,0,0,0,0,0,0,0,0,0
Dillon Mitchell,WR,MIN,0,0,0,0,0,0,0,0,0,0,0,0,0,0,0,0,0,0,0,0,0,0,0,0
Travis Kelce,TE,KC,97.7,"1,296.9",9.6,0,0,0,0.9,0,0,0,0,0,185.3,0,0,0,0,0,0,0,0,0,0,0
Zach Ertz,TE,PHI,98.8,977.1,7.3,0,0,0,0.8,0,0,0,0,0,140.2,0,0,0,0,0,0,0,0,0,0,0
George Kittle,TE,SF,74.4,"1,114.3",4.9,0,0,0,0.6,0,0,0,0,0,139.6,0,0,0,0,0,0,0,0,0,0,0
O.J. Howard,TE,TB,59,856.2,5.9,0,0,0,0.8,0,0,0,0,0,119.2,0,0,0,0,0,0,0,0,0,0,0
Jared Cook,TE,NO,62.3,822.5,6.1,0,0,0,0.7,0,0,0,0,0,117.6,0,0,0,0,0,0,0,0,0,0,0
Evan Engram,TE,NYG,68.2,860.3,4.8,0,0,0,0.7,0,0,0,0,0,113.7,0,0,0,0,0,0,0,0,0,0,0
Eric Ebron,TE,IND,54.8,589.1,8.2,0,0,0,0.7,0,0,0,0,0,107,0,0,0,0,0,0,0,0,0,0,0
Hunter Henry,TE,LAC,55.4,713.2,5.5,0,0,0,0.7,0,0,0,0,0,103.2,0,0,0,0,0,0,0,0,0,0,0
David Njoku,TE,CLE,57.1,655.8,5,0,0,0,0.6,0,0,0,0,0,94,0,0,0,0,0,0,0,0,0,0,0
Chris Herndon IV,TE,NYJ,44.7,577.9,5.8,0,0,0,0.2,0,0,0,0,0,92.4,0,0,0,0,0,0,0,0,0,0,0
Vance McDonald,TE,PIT,54.8,666.7,4,0,0,0,0.8,0,0,0,0,0,88.7,0,0,0,0,0,0,0,0,0,0,0
Austin Hooper,TE,ATL,64,612,4.2,0,0,0,0.6,0,0,0,0,0,85,0,0,0,0,0,0,0,0,0,0,0
Delanie Walker,TE,TEN,56,644.9,3.6,0,0,0,0.7,0,0,0,0,0,84.5,0,0,0,0,0,0,0,0,0,0,0
Jack Doyle,TE,IND,60.5,562,4.7,0,0,0,1.2,0,0,0,0,0,82,0,0,0,0,0,0,0,0,0,0,0
Kyle Rudolph,TE,MIN,54.8,554.4,4.5,0,0,0,0.6,0,0,0,0,0,81.3,0,0,0,0,0,0,0,0,0,0,0
Greg Olsen,TE,CAR,45.7,508.9,4.9,0,0,0,0.1,0,0,0,0,0,80,0,0,0,0,0,0,0,0,0,0,0
Jimmy Graham,TE,GB,49.6,545.8,4.3,0,0,0,0.6,0,0,0,0,0,79,0,0,0,0,0,0,0,0,0,0,0
Jordan Reed,TE,WAS,61.3,620.7,3.1,0,0,0,0.8,0,0,0,0,0,78.8,0,0,0,0,0,0,0,0,0,0,0
T.J. Hockenson,TE,DET,51.2,542.4,4.3,0,0,0,1.1,0,0,0,0,0,78,0,0,0,0,0,0,0,0,0,0,0
Trey Burton,TE,CHI,48.6,518.2,4.2,0,0,0,0.7,0,0,0,0,0,75.7,0,0,0,0,0,0,0,0,0,0,0
Will Dissly,TE,SEA,34.6,465.9,4.7,0,0,0,0.1,0,0,0,0,0,74.6,0,0,0,0,0,0,0,0,0,0,0
Mark Andrews,TE,BAL,36.9,538.4,3.5,0,0,0,0.1,0,0,0,0,0,74.4,0,0,0,0,0,0,0,0,0,0,0
Noah Fant,TE,DEN,46.9,533.4,3.7,0,0,0,0.7,0,0,0,0,0,74,0,0,0,0,0,0,0,0,0,0,0
Austin Seferian-Jenkins,TE,NE,47.6,403.6,4.5,0,0,0,0.7,0,0,0,0,0,65.8,0,0,0,0,0,0,0,0,0,0,0
Jason Witten,TE,DAL,44.3,413.5,3.5,0,0,0,0.7,0,0,0,0,0,60.9,0,0,0,0,0,0,0,0,0,0,0
Dallas Goedert,TE,PHI,33.4,344.9,4.3,0,0,0,0.1,0,0,0,0,0,60.2,0,0,0,0,0,0,0,0,0,0,0
Tyler Eifert,TE,CIN,38,428.5,2.4,0,0,0,0.1,0,0,0,0,0,57,0,0,0,0,0,0,0,0,0,0,0
Cameron Brate,TE,TB,33.2,318.5,4.1,0,0,0,0.6,0,0,0,0,0,55.5,0,0,0,0,0,0,0,0,0,0,0
Vernon Davis,TE,WAS,27,401.3,1.7,0,0,0,0.1,0,0,0,0,0,50.2,0,0,0,0,0,0,0,0,0,0,0
Gerald Everett,TE,LAR,29.5,311.2,2.9,0,0,0,0.1,0,0,0,0,0,48.1,0,0,0,0,0,0,0,0,0,0,0
Hayden Hurst,TE,BAL,28.3,332.9,2.4,0,0,0,0.1,0,0,0,0,0,47.5,0,0,0,0,0,0,0,0,0,0,0
Geoff Swaim,TE,JAC,37.5,371.6,1.7,0,0,0,0.1,0,0,0,0,0,47.4,0,0,0,0,0,0,0,0,0,0,0
Mike Gesicki,TE,MIA,37.8,375.7,1.5,0,0,0,0.7,0,0,0,0,0,45.3,0,0,0,0,0,0,0,0,0,0,0
Ian Thomas,TE,CAR,32.2,308.5,2.2,0,0,0,0.1,0,0,0,0,0,43.7,0,0,0,0,0,0,0,0,0,0,0
Jace Sternberger,TE,GB,27,287.7,2.4,0,0,0,0.6,0,0,0,0,0,42.1,0,0,0,0,0,0,0,0,0,0,0
Irv Smith Jr.,TE,MIN,26.1,273.3,1.9,0,0,0,0.6,0,0,0,0,0,37.5,0,0,0,0,0,0,0,0,0,0,0
Tyler Higbee,TE,LAR,22.5,249.7,1.9,0,0,0,0.1,0,0,0,0,0,36.4,0,0,0,0,0,0,0,0,0,0,0
Josh Oliver,TE,JAC,26.3,281.8,1.5,0,0,0,0.6,0,0,0,0,0,36.1,0,0,0,0,0,0,0,0,0,0,0
Jordan Thomas,TE,HOU,18.6,197,2.7,0,0,0,0,0,0,0,0,0,35.8,0,0,0,0,0,0,0,0,0,0,0
Ed Dickson,TE,SEA,18.9,223.5,2.1,0,0,0,0,0,0,0,0,0,35.1,0,0,0,0,0,0,0,0,0,0,0
Darren Waller,TE,OAK,22.4,244.6,1.5,0,0,0,0.1,0,0,0,0,0,33.1,0,0,0,0,0,0,0,0,0,0,0
Ricky Seals-Jones,TE,ARI,22.2,247.4,1.4,0,0,0,0,0,0,0,0,0,32.9,0,0,0,0,0,0,0,0,0,0,0
Ryan Griffin,TE,HOU,23,275.1,0.8,0,0,0,0.1,0,0,0,0,0,32.3,0,0,0,0,0,0,0,0,0,0,0
Adam Shaheen,TE,CHI,14.9,152.6,2.7,0,0,0,0,0,0,0,0,0,31.1,0,0,0,0,0,0,0,0,0,0,0
Rhett Ellison,TE,NYG,20.7,221.1,1.4,0,0,0,0,0,0,0,0,0,30.5,0,0,0,0,0,0,0,0,0,0,0
Tyler Kroft,TE,BUF,19.5,199.7,1.7,0,0,0,0.1,0,0,0,0,0,29.8,0,0,0,0,0,0,0,0,0,0,0
Dawson Knox,TE,BUF,18.1,216.5,1.2,0,0,0,0.1,0,0,0,0,0,28.7,0,0,0,0,0,0,0,0,0,0,0
Charles Clay,TE,ARI,23.1,222.4,1.1,0,0,0,0.6,0,0,0,0,0,27.7,0,0,0,0,0,0,0,0,0,0,0
Jeff Heuerman,TE,DEN,21.2,193.1,1.4,0,0,0,0,0,0,0,0,0,27.5,0,0,0,0,0,0,0,0,0,0,0
Xavier Grimble,TE,PIT,17.1,191.3,1.4,0,0,0,0.1,0,0,0,0,0,27.5,0,0,0,0,0,0,0,0,0,0,0
Nick Vannett,TE,SEA,18.8,173.9,1.7,0,0,0,0,0,0,0,0,0,27.4,0,0,0,0,0,0,0,0,0,0,0
Jesse James,TE,DET,18.6,206.6,1,0,0,0,0,0,0,0,0,0,26.9,0,0,0,0,0,0,0,0,0,0,0
Demetrius Harris,TE,CLE,13.3,155.5,1.9,0,0,0,0.1,0,0,0,0,0,26.6,0,0,0,0,0,0,0,0,0,0,0
Jordan Akins,TE,HOU,18.6,225,0.6,0,0,0,0.1,0,0,0,0,0,26.1,0,0,0,0,0,0,0,0,0,0,0
Maxx Williams,TE,ARI,20,186.5,1.2,0,0,0,0.1,0,0,0,0,0,25.5,0,0,0,0,0,0,0,0,0,0,0
Josh Hill,TE,NO,18.7,177.4,1.3,0,0,0,0.1,0,0,0,0,0,25.2,0,0,0,0,0,0,0,0,0,0,0
Blake Jarwin,TE,DAL,15.4,162.7,1.5,0,0,0,0,0,0,0,0,0,24.9,0,0,0,0,0,0,0,0,0,0,0
Mo Alie-Cox,TE,IND,9.9,156.8,1.5,0,0,0,0,0,0,0,0,0,24.5,0,0,0,0,0,0,0,0,0,0,0
Garrett Celek,TE,SF,9,132,1.8,0,0,0,0,0,0,0,0,0,24.1,0,0,0,0,0,0,0,0,0,0,0
Luke Willson,TE,OAK,20.7,172.3,1.1,0,0,0,0.1,0,0,0,0,0,23.7,0,0,0,0,0,0,0,0,0,0,0
Matt LaCosse,TE,NE,14.9,177,0.9,0,0,0,0,0,0,0,0,0,22.8,0,0,0,0,0,0,0,0,0,0,0
James O'Shaughnessy,TE,JAC,20.2,195.8,0.4,0,0,0,0.1,0,0,0,0,0,21.8,0,0,0,0,0,0,0,0,0,0,0
Jake Butt,TE,DEN,14.9,161.7,1,0,0,0,0.1,0,0,0,0,0,21.7,0,0,0,0,0,0,0,0,0,0,0
Michael Roberts,TE,DET,7.3,84.8,2.2,0,0,0,0,0,0,0,0,0,21.5,0,0,0,0,0,0,0,0,0,0,0
Robert Tonyan,TE,GB,5.5,92.5,2,0,0,0,0,0,0,0,0,0,21.3,0,0,0,0,0,0,0,0,0,0,0
C.J. Uzomah,TE,CIN,15.3,151.9,0.9,0,0,0,0,0,0,0,0,0,20.8,0,0,0,0,0,0,0,0,0,0,0
Drew Sample,TE,CIN,14.2,136.2,1.3,0,0,0,0.5,0,0,0,0,0,20.2,0,0,0,0,0,0,0,0,0,0,0
Dwayne Allen,TE,MIA,14.2,159,0.8,0,0,0,0.1,0,0,0,0,0,20.2,0,0,0,0,0,0,0,0,0,0,0
Luke Stocker,TE,ATL,8.4,97.8,1.7,0,0,0,0,0,0,0,0,0,19.9,0,0,0,0,0,0,0,0,0,0,0
Nick Boyle,TE,BAL,19.9,169.4,0.5,0,0,0,0,0,0,0,0,0,19.7,0,0,0,0,0,0,0,0,0,0,0
Logan Paulsen,TE,ATL,12.4,129,1.1,0,0,0,0,0,0,0,0,0,19.6,0,0,0,0,0,0,0,0,0,0,0
Virgil Green,TE,LAC,13.1,146,1,0,0,0,0.5,0,0,0,0,0,19.5,0,0,0,0,0,0,0,0,0,0,0
Jakob Johnson,TE,NE,12,125,1,0,0,0,0,0,0,0,0,0,18.5,0,0,0,0,0,0,0,0,0,0,0
Kahale Warring,TE,HOU,12,127.2,0.8,0,0,0,0.5,0,0,0,0,0,16.7,0,0,0,0,0,0,0,0,0,0,0
Marcedes Lewis,TE,GB,8,94.6,1.2,0,0,0,0,0,0,0,0,0,16.5,0,0,0,0,0,0,0,0,0,0,0
MyCole Pruitt,TE,TEN,9.5,104,1,0,0,0,0,0,0,0,0,0,16.4,0,0,0,0,0,0,0,0,0,0,0
Jordan Leggett,TE,NYJ,10.3,106.6,1,0,0,0,0.1,0,0,0,0,0,16.3,0,0,0,0,0,0,0,0,0,0,0
Jonnu Smith,TE,TEN,9.3,103.5,0.8,0,0,0,0,0,0,0,0,0,15.3,0,0,0,0,0,0,0,0,0,0,0
Jeremy Sprinkle,TE,WAS,8.6,77.4,1.3,0,0,0,0,0,0,0,0,0,15.2,0,0,0,0,0,0,0,0,0,0,0
Dan Arnold,TE,NO,8.7,104.6,0.8,0,0,0,0,0,0,0,0,0,15,0,0,0,0,0,0,0,0,0,0,0
Foster Moreau,TE,OAK,9.9,99.4,0.8,0,0,0,0,0,0,0,0,0,14.7,0,0,0,0,0,0,0,0,0,0,0
Jason Croom,TE,BUF,11.1,129.1,0.6,0,0,0,1,0,0,0,0,0,14.4,0,0,0,0,0,0,0,0,0,0,0
Chris Manhertz,TE,CAR,5.2,74.5,1.2,0,0,0,0,0,0,0,0,0,14.4,0,0,0,0,0,0,0,0,0,0,0
Garrett Griffin,TE,NO,6,50.5,1.5,0,0,0,0,0,0,0,0,0,14.1,0,0,0,0,0,0,0,0,0,0,0
Zach Gentry,TE,PIT,9.1,91.4,0.7,0,0,0,0,0,0,0,0,0,13.4,0,0,0,0,0,0,0,0,0,0,0
Anthony Firkser,TE,TEN,7.7,88.1,0.7,0,0,0,0,0,0,0,0,0,12.9,0,0,0,0,0,0,0,0,0,0,0
Blake Bell,TE,KC,7.7,81.8,0.8,0,0,0,0.1,0,0,0,0,0,12.8,0,0,0,0,0,0,0,0,0,0,0
Tyler Conklin,TE,NE,8,93,0.5,0,0,0,0,0,0,0,0,0,12.3,0,0,0,0,0,0,0,0,0,0,0
Kaden Smith,TE,SF,7.3,80.5,0.7,0,0,0,0,0,0,0,0,0,12.1,0,0,0,0,0,0,0,0,0,0,0
Richard Rodgers,TE,PHI,6.9,79.5,0.6,0,0,0,0,0,0,0,0,0,11.5,0,0,0,0,0,0,0,0,0,0,0
Scott Simonson,TE,NYG,7.3,69.7,0.7,0,0,0,0,0,0,0,0,0,10.9,0,0,0,0,0,0,0,0,0,0,0
Seth DeValve,TE,CLE,6,79,0.5,0,0,0,0,0,0,0,0,0,10.9,0,0,0,0,0,0,0,0,0,0,0
Dalton Schultz,TE,DAL,7.1,77.5,0.5,0,0,0,0.1,0,0,0,0,0,10.9,0,0,0,0,0,0,0,0,0,0,0
Trevon Wesco,TE,NYJ,6.2,67.2,0.7,0,0,0,0,0,0,0,0,0,10.8,0,0,0,0,0,0,0,0,0,0,0
Derek Carrier,TE,OAK,6.9,65,0.6,0,0,0,0,0,0,0,0,0,10.3,0,0,0,0,0,0,0,0,0,0,0
Durham Smythe,TE,MIA,7.1,75.6,0.4,0,0,0,0.1,0,0,0,0,0,10,0,0,0,0,0,0,0,0,0,0,0
Jordan Franks,TE,CIN,5,60.5,0.5,0,0,0,0,0,0,0,0,0,9.1,0,0,0,0,0,0,0,0,0,0,0
Alize Mack,TE,NO,6,59,0.5,0,0,0,0,0,0,0,0,0,8.9,0,0,0,0,0,0,0,0,0,0,0
Tyrone Swoopes,TE,SEA,4.5,57,0.5,0,0,0,0,0,0,0,0,0,8.7,0,0,0,0,0,0,0,0,0,0,0
Isaac Nauta,TE,DET,5.5,54,0.5,0,0,0,0,0,0,0,0,0,8.4,0,0,0,0,0,0,0,0,0,0,0
Temarrick Hemingway,TE,DEN,5.5,52.5,0.5,0,0,0,0,0,0,0,0,0,8.3,0,0,0,0,0,0,0,0,0,0,0
Caleb Wilson,TE,ARI,5,50,0.5,0,0,0,0,0,0,0,0,0,8,0,0,0,0,0,0,0,0,0,0,0
Ben Koyack,TE,JAC,6,44,0.5,0,0,0,0,0,0,0,0,0,7.4,0,0,0,0,0,0,0,0,0,0,0
Tommy Sweeney,TE,BUF,4,43.5,0.5,0,0,0,0,0,0,0,0,0,7.4,0,0,0,0,0,0,0,0,0,0,0
Deon Yelder,TE,KC,3.8,39.6,0.5,0,0,0,0,0,0,0,0,0,6.6,0,0,0,0,0,0,0,0,0,0,0
Ryan Izzo,TE,MIN,3.9,42.8,0.4,0,0,0,0,0,0,0,0,0,6.6,0,0,0,0,0,0,0,0,0,0,0
Sean Culkin,TE,LAC,3.6,37.3,0.4,0,0,0,0,0,0,0,0,0,5.9,0,0,0,0,0,0,0,0,0,0,0
Antony Auclair,TE,TB,3.9,39.4,0.3,0,0,0,0,0,0,0,0,0,5.6,0,0,0,0,0,0,0,0,0,0,0
David Morgan,TE,MIN,3.6,39.8,0.3,0,0,0,0.1,0,0,0,0,0,5.6,0,0,0,0,0,0,0,0,0,0,0
Neal Sterling,TE,NYJ,3.5,37.3,0.3,0,0,0,0,0,0,0,0,0,5.4,0,0,0,0,0,0,0,0,0,0,0
Joshua Perkins,TE,PHI,1.9,21.1,0.2,0,0,0,0,0,0,0,0,0,3,0,0,0,0,0,0,0,0,0,0,0
Cole Hikutini,TE,MIN,0,0,0,0,0,0,0,0,0,0,0,0,0,0,0,0,0,0,0,0,0,0,0,0
Ross Travis,TE,IND,0,0,0,0,0,0,0,0,0,0,0,0,0,0,0,0,0,0,0,0,0,0,0,0
Orson Charles,TE,CLE,0,0,0,0,0,0,0,0,0,0,0,0,0,0,0,0,0,0,0,0,0,0,0,0
Eric Tomlinson,TE,NYJ,0,0,0,0,0,0,0,0,0,0,0,0,0,0,0,0,0,0,0,0,0,0,0,0
Benjamin Watson,TE,NE,0,0,0,0,0,0,0,0,0,0,0,0,0,0,0,0,0,0,0,0,0,0,0,0
Jerell Adams,TE,HOU,0,0,0,0,0,0,0,0,0,0,0,0,0,0,0,0,0,0,0,0,0,0,0,0
Stephen Anderson,TE,NE,0,0,0,0,0,0,0,0,0,0,0,0,0,0,0,0,0,0,0,0,0,0,0,0
Mason Schreck,TE,CIN,0,0,0,0,0,0,0,0,0,0,0,0,0,0,0,0,0,0,0,0,0,0,0,0
Ross Dwelley,TE,SF,0,0,0,0,0,0,0,0,0,0,0,0,0,0,0,0,0,0,0,0,0,0,0,0
Ben Braunecker,TE,CHI,0,0,0,0,0,0,0,0,0,0,0,0,0,0,0,0,0,0,0,0,0,0,0,0
Matt Flanagan,TE,WAS,0,0,0,0,0,0,0,0,0,0,0,0,0,0,0,0,0,0,0,0,0,0,0,0
Troy Fumagalli,TE,DEN,0,0,0,0,0,0,0,0,0,0,0,0,0,0,0,0,0,0,0,0,0,0,0,0
Cole Wick,TE,TEN,0,0,0,0,0,0,0,0,0,0,0,0,0,0,0,0,0,0,0,0,0,0,0,0
Evan Baylis,TE,GB,0,0,0,0,0,0,0,0,0,0,0,0,0,0,0,0,0,0,0,0,0,0,0,0
Jerome Cunningham,TE,DET,0,0,0,0,0,0,0,0,0,0,0,0,0,0,0,0,0,0,0,0,0,0,0,0
Lee Smith,TE,BUF,0,0,0,0,0,0,0,0,0,0,0,0,0,0,0,0,0,0,0,0,0,0,0,0
Rico Gathers,TE,DAL,0,0,0,0,0,0,0,0,0,0,0,0,0,0,0,0,0,0,0,0,0,0,0,0
Donnie Ernsberger,TE,TB,0,0,0,0,0,0,0,0,0,0,0,0,0,0,0,0,0,0,0,0,0,0,0,0
Eric Saubert,TE,ATL,0,0,0,0,0,0,0,0,0,0,0,0,0,0,0,0,0,0,0,0,0,0,0,0
Gabe Holmes,TE,IND,0,0,0,0,0,0,0,0,0,0,0,0,0,0,0,0,0,0,0,0,0,0,0,0
Garrett Dickerson,TE,NYG,0,0,0,0,0,0,0,0,0,0,0,0,0,0,0,0,0,0,0,0,0,0,0,0
Vince Mayle,TE,LAC,0,0,0,0,0,0,0,0,0,0,0,0,0,0,0,0,0,0,0,0,0,0,0,0
Jacob Hollister,TE,SEA,0,0,0,0,0,0,0,0,0,0,0,0,0,0,0,0,0,0,0,0,0,0,0,0
Will Tye,TE,PHI,0,0,0,0,0,0,0,0,0,0,0,0,0,0,0,0,0,0,0,0,0,0,0,0
Johnny Mundt,TE,LAR,0,0,0,0,0,0,0,0,0,0,0,0,0,0,0,0,0,0,0,0,0,0,0,0
Daniel Brown,TE,NYJ,0,0,0,0,0,0,0,0,0,0,0,0,0,0,0,0,0,0,0,0,0,0,0,0
Nick O'Leary,TE,MIA,0,0,0,0,0,0,0,0,0,0,0,0,0,0,0,0,0,0,0,0,0,0,0,0
Clive Walford,TE,MIA,0,0,0,0,0,0,0,0,0,0,0,0,0,0,0,0,0,0,0,0,0,0,0,0
Darrell Daniels,TE,ARI,0,0,0,0,0,0,0,0,0,0,0,0,0,0,0,0,0,0,0,0,0,0,0,0
Logan Thomas,TE,DET,0,0,0,0,0,0,0,0,0,0,0,0,0,0,0,0,0,0,0,0,0,0,0,0
Darren Fells,TE,HOU,0,0,0,0,0,0,0,0,0,0,0,0,0,0,0,0,0,0,0,0,0,0,0,0
Saquon Barkley,RB,NYG,88.9,692.6,3.7,282.8,"1,299",9.9,2.4,0,0,0,0,0,275.4,0,0,0,0,0,0,0,0,0,0,0
Ezekiel Elliott,RB,DAL,72.8,564.9,2.9,313.1,"1,403.1",9,3,0,0,0,0,0,262.3,0,0,0,0,0,0,0,0,0,0,0
Alvin Kamara,RB,NO,90.7,796.3,4.1,211.4,946.2,10.2,1.9,0,0,0,0,0,256.6,0,0,0,0,0,0,0,0,0,0,0
Christian McCaffrey,RB,CAR,98.9,802.1,5.4,219.3,"1,054.1",6.2,2.3,0,0,0,0,0,250.6,0,0,0,0,0,0,0,0,0,0,0
Melvin Gordon,RB,LAC,58,554.7,3.8,241.9,"1,044.2",10,2.1,0,0,0,0,0,238.6,0,0,0,0,0,0,0,0,0,0,0
Le'Veon Bell,RB,NYJ,68.1,525.8,2.4,268.1,"1,159.2",8.4,2.1,0,0,0,0,0,229,0,0,0,0,0,0,0,0,0,0,0
Todd Gurley,RB,LAR,46.4,458.7,3.4,229.7,997.8,11.2,2.3,0,0,0,0,0,228.3,0,0,0,0,0,0,0,0,0,0,0
James Conner,RB,PIT,55.6,474.9,1.5,233.4,"1,012",10.6,2.4,0,0,0,0,0,216.1,0,0,0,0,0,0,0,0,0,0,0
David Johnson,RB,ARI,56.3,552.9,3.6,229.7,887.8,7.5,2.3,0,0,0,0,0,205.7,0,0,0,0,0,0,0,0,0,0,0
Joe Mixon,RB,CIN,45.4,331.3,1.3,250.4,"1,170.2",8.4,2,0,0,0,0,0,204.2,0,0,0,0,0,0,0,0,0,0,0
Nick Chubb,RB,CLE,23.5,184.3,1.3,236.9,"1,161.9",9.6,1.3,0,0,0,0,0,197.7,0,0,0,0,0,0,0,0,0,0,0
Derrick Henry,RB,TEN,16,124.2,0.3,263.3,"1,204.9",10.8,2,0,0,0,0,0,195.4,0,0,0,0,0,0,0,0,0,0,0
Leonard Fournette,RB,JAC,50.6,420.5,1.9,247.1,914.7,8.6,1.9,0,0,0,0,0,192.4,0,0,0,0,0,0,0,0,0,0,0
Dalvin Cook,RB,MIN,56.8,434.4,2,233.6,"1,058.9",5.8,2.3,0,0,0,0,0,191.9,0,0,0,0,0,0,0,0,0,0,0
Sony Michel,RB,NE,14.4,122.1,0.4,272,"1,167",10.5,1.9,0,0,0,0,0,190.6,0,0,0,0,0,0,0,0,0,0,0
Aaron Jones,RB,GB,39.1,296.9,1.4,188,935.8,8.7,1.4,0,0,0,0,0,181.1,0,0,0,0,0,0,0,0,0,0,0
Marlon Mack,RB,IND,28.6,197.7,1.3,228.3,"1,035.5",8.7,1.6,0,0,0,0,0,180.5,0,0,0,0,0,0,0,0,0,0,0
Damien Williams,RB,KC,45.2,356.8,4,169.7,745.5,7.7,1.5,0,0,0,0,0,177.7,0,0,0,0,0,0,0,0,0,0,0
Chris Carson,RB,SEA,24.7,182.5,0.5,243.3,"1,076.5",8.7,2.1,0,0,0,0,0,177.1,0,0,0,0,0,0,0,0,0,0,0
Josh Jacobs,RB,OAK,42.1,398,1.7,204.8,885.1,6.3,1.6,0,0,0,0,0,173.2,0,0,0,0,0,0,0,0,0,0,0
Phillip Lindsay,RB,DEN,39.8,282.8,1.1,202.7,999.2,6.7,1.3,0,0,0,0,0,172.3,0,0,0,0,0,0,0,0,0,0,0
Kerryon Johnson,RB,DET,45.1,298.4,1.3,212.7,973,6.5,1.5,0,0,0,0,0,171.3,0,0,0,0,0,0,0,0,0,0,0
Mark Ingram,RB,BAL,28.5,204.7,0.9,229.5,"1,046.4",6.6,2.9,0,0,0,0,0,164.1,0,0,0,0,0,0,0,0,0,0,0
Devonta Freeman,RB,ATL,37.1,309.6,1.8,191,840.7,6.4,1.5,0,0,0,0,0,161.2,0,0,0,0,0,0,0,0,0,0,0
David Montgomery,RB,CHI,33.9,296.8,1.7,198.6,862.1,6.1,2.1,0,0,0,0,0,158.4,0,0,0,0,0,0,0,0,0,0,0
Lamar Miller,RB,HOU,36.2,266.1,1.2,221.3,959.7,5.4,1.9,0,0,0,0,0,158.4,0,0,0,0,0,0,0,0,0,0,0
Kenyan Drake,RB,MIA,52.7,429.8,2.6,141.6,610.9,4.8,1.5,0,0,0,0,0,145.7,0,0,0,0,0,0,0,0,0,0,0
Tevin Coleman,RB,SF,22.8,220.9,2,167.3,795.4,4.9,1.4,0,0,0,0,0,140.1,0,0,0,0,0,0,0,0,0,0,0
Derrius Guice,RB,WAS,28.2,256.7,1,172.8,737.5,5.6,2,0,0,0,0,0,134.4,0,0,0,0,0,0,0,0,0,0,0
Miles Sanders,RB,PHI,38.2,325.5,1.8,154.3,647.4,4.4,2,0,0,0,0,0,130.6,0,0,0,0,0,0,0,0,0,0,0
James White,RB,NE,69,608.1,4.6,58.6,256.1,2.4,0.7,0,0,0,0,0,126.9,0,0,0,0,0,0,0,0,0,0,0
Tarik Cohen,RB,CHI,58.2,577,3.2,85.4,382.3,2.4,1.9,0,0,0,0,0,125.8,0,0,0,0,0,0,0,0,0,0,0
Latavius Murray,RB,NO,18.1,129.2,0.4,152.3,619.7,7.5,1.3,0,0,0,0,0,120,0,0,0,0,0,0,0,0,0,0,0
Peyton Barber,RB,TB,23.7,144.7,0.5,186.1,725.3,4.7,1.4,0,0,0,0,0,115.8,0,0,0,0,0,0,0,0,0,0,0
Rashaad Penny,RB,SEA,17.5,143.3,0.6,157.9,742.3,3.5,1.3,0,0,0,0,0,110.5,0,0,0,0,0,0,0,0,0,0,0
Jordan Howard,RB,PHI,19.5,136.4,0.4,161.7,636.6,5.6,1.3,0,0,0,0,0,110.4,0,0,0,0,0,0,0,0,0,0,0
Jerick McKinnon,RB,SF,37.6,301.4,1.1,123.7,533.7,3.3,1.2,0,0,0,0,0,107.8,0,0,0,0,0,0,0,0,0,0,0
Austin Ekeler,RB,LAC,36.7,342.7,1.9,102.5,482.1,2.7,1.3,0,0,0,0,0,107.2,0,0,0,0,0,0,0,0,0,0,0
LeSean McCoy,RB,BUF,28.2,206.7,0.4,172.9,637.7,3.3,1.4,0,0,0,0,0,103.8,0,0,0,0,0,0,0,0,0,0,0
Carlos Hyde,RB,KC,20.5,118.1,0.3,138.7,543.7,5.5,1.3,0,0,0,0,0,98.7,0,0,0,0,0,0,0,0,0,0,0
Ronald Jones II,RB,TB,19.8,138.8,0.4,133.4,509.5,4.9,0.9,0,0,0,0,0,95.1,0,0,0,0,0,0,0,0,0,0,0
Chris Thompson,RB,WAS,58,449.6,2.3,68,296.8,1.5,1.3,0,0,0,0,0,94.9,0,0,0,0,0,0,0,0,0,0,0
Royce Freeman,RB,DEN,12.5,83.1,0.2,143.1,573.6,4,1.3,0,0,0,0,0,88.4,0,0,0,0,0,0,0,0,0,0,0
Jamaal Williams,RB,GB,24.5,200.4,0.9,117.2,463.4,2.8,1.1,0,0,0,0,0,86.4,0,0,0,0,0,0,0,0,0,0,0
Ito Smith,RB,ATL,20.3,134.7,0.5,121.1,455,4.4,1.3,0,0,0,0,0,85.9,0,0,0,0,0,0,0,0,0,0,0
Dion Lewis,RB,TEN,48.8,321.5,1.2,97.1,370.5,1.7,1.3,0,0,0,0,0,84.3,0,0,0,0,0,0,0,0,0,0,0
Kalen Ballage,RB,MIA,15.2,113.3,0.2,124.8,577.1,3.3,3.3,0,0,0,0,0,83.4,0,0,0,0,0,0,0,0,0,0,0
C.J. Anderson,RB,DET,10.6,73.9,0.6,129.6,532.3,3.6,1.2,0,0,0,0,0,83.2,0,0,0,0,0,0,0,0,0,0,0
Nyheim Hines,RB,IND,44.1,304.8,1.7,78.8,317,2,0.8,0,0,0,0,0,83.2,0,0,0,0,0,0,0,0,0,0,0
D'Onta Foreman,RB,HOU,12.9,127.2,0.9,127.2,469.6,3.2,1,0,0,0,0,0,82.1,0,0,0,0,0,0,0,0,0,0,0
Kareem Hunt,RB,CLE,15.8,175.2,1.3,78.6,354.7,3.4,0.6,0,0,0,0,0,79.9,0,0,0,0,0,0,0,0,0,0,0
Adrian Peterson,RB,WAS,11.3,107.1,0.6,113.5,464.5,3.4,0.8,0,0,0,0,0,79.3,0,0,0,0,0,0,0,0,0,0,0
Darrell Henderson,RB,LAR,14,136.9,0.7,93.1,433.4,3.3,1.2,0,0,0,0,0,78.6,0,0,0,0,0,0,0,0,0,0,0
Matt Breida,RB,SF,14.7,141.7,1.2,85.7,422.6,2.5,0.6,0,0,0,0,0,77.4,0,0,0,0,0,0,0,0,0,0,0
Jalen Richard,RB,OAK,53.2,466.6,0.6,55.7,251.7,1,2.3,0,0,0,0,0,77,0,0,0,0,0,0,0,0,0,0,0
Jaylen Samuels,RB,PIT,32.5,252.5,2.6,70.2,293.1,1.2,0.7,0,0,0,0,0,75.9,0,0,0,0,0,0,0,0,0,0,0
Frank Gore,RB,BUF,10.9,101.4,0.7,107.1,464.7,2,0.8,0,0,0,0,0,71.1,0,0,0,0,0,0,0,0,0,0,0
Giovani Bernard,RB,CIN,30.3,212.3,0.4,71.5,298.5,2.7,0.7,0,0,0,0,0,68.3,0,0,0,0,0,0,0,0,0,0,0
Duke Johnson,RB,CLE,33,310.1,1.5,50.9,239.8,0.9,0.7,0,0,0,0,0,68,0,0,0,0,0,0,0,0,0,0,0
Alexander Mattison,RB,MIN,13,111,0.6,93.3,379.8,2.9,1.2,0,0,0,0,0,67.8,0,0,0,0,0,0,0,0,0,0,0
Gus Edwards,RB,BAL,1.6,15,0.1,119,539.6,1.9,0.6,0,0,0,0,0,66,0,0,0,0,0,0,0,0,0,0,0
T.J. Yeldon,RB,BUF,26.6,239.5,1.4,61.7,266.2,1.2,0.6,0,0,0,0,0,65.1,0,0,0,0,0,0,0,0,0,0,0
Alfred Blue,RB,JAC,16,122.9,0.2,99.4,357.4,2.2,0.6,0,0,0,0,0,61,0,0,0,0,0,0,0,0,0,0,0
Damien Harris,RB,NE,10.9,105.2,0.7,79.5,333.8,2.5,1.2,0,0,0,0,0,60.9,0,0,0,0,0,0,0,0,0,0,0
Devin Singletary,RB,BUF,12.6,115.4,0.6,68.1,299.1,2,1.1,0,0,0,0,0,54.6,0,0,0,0,0,0,0,0,0,0,0
Theo Riddick,RB,DET,41.7,251.7,0.9,44,174.3,1,0.6,0,0,0,0,0,52.5,0,0,0,0,0,0,0,0,0,0,0
Ty Montgomery,RB,NYJ,21.4,178.8,0.4,60.3,227.1,1.9,1.1,0,0,0,0,0,52.2,0,0,0,0,0,0,0,0,0,0,0
Justice Hill,RB,BAL,8.1,71,0.6,65.2,300.7,2.2,1,0,0,0,0,0,51.5,0,0,0,0,0,0,0,0,0,0,0
Wayne Gallman,RB,NYG,18.1,122.7,0.3,77.1,290.1,1.9,1.3,0,0,0,0,0,51.4,0,0,0,0,0,0,0,0,0,0,0
Mike Davis,RB,CHI,13,85.6,0.1,73.4,300.9,2.2,0.6,0,0,0,0,0,51,0,0,0,0,0,0,0,0,0,0,0
Rex Burkhead,RB,NE,15.1,142.5,0.8,49.3,184.8,1.6,0.7,0,0,0,0,0,45.8,0,0,0,0,0,0,0,0,0,0,0
Cameron Artis-Payne,RB,CAR,5.8,38.4,0.1,60.8,277.6,2.1,0.6,0,0,0,0,0,43.9,0,0,0,0,0,0,0,0,0,0,0
Chase Edmonds,RB,ARI,14.6,101.8,0.3,57.2,221.4,1.8,0.7,0,0,0,0,0,43.8,0,0,0,0,0,0,0,0,0,0,0
Benny Snell Jr.,RB,PIT,11.2,101.7,0.5,50.7,196.6,1.9,0.6,0,0,0,0,0,43.5,0,0,0,0,0,0,0,0,0,0,0
Doug Martin,RB,OAK,4.8,34.6,0.1,65.2,264.5,2.1,0.7,0,0,0,0,0,41.4,0,0,0,0,0,0,0,0,0,0,0
Devontae Booker,RB,DEN,20.8,157.7,0.4,38.3,184.5,1.1,1.1,0,0,0,0,0,40.8,0,0,0,0,0,0,0,0,0,0,0
J.D. McKissic,RB,SEA,17.6,144.6,1.5,32.6,127,0.6,0.6,0,0,0,0,0,39.1,0,0,0,0,0,0,0,0,0,0,0
Corey Clement,RB,PHI,10.5,94.8,0.2,45.6,185.4,1.9,0.6,0,0,0,0,0,39,0,0,0,0,0,0,0,0,0,0,0
Elijah McGuire,RB,NYJ,10.9,117.8,0.6,45.7,165.2,1.3,0.7,0,0,0,0,0,38.2,0,0,0,0,0,0,0,0,0,0,0
Kenneth Dixon,RB,BAL,9.5,81.2,0.2,40.1,184.1,1,0.3,0,0,0,0,0,33.2,0,0,0,0,0,0,0,0,0,0,0
Kyle Juszczyk,RB,SF,26,266.3,0.9,5.9,25.6,0.1,1.1,0,0,0,0,0,32.8,0,0,0,0,0,0,0,0,0,0,0
Myles Gaskin,RB,MIA,8,62.7,0.2,43.6,174.4,0.9,0.2,0,0,0,0,0,30,0,0,0,0,0,0,0,0,0,0,0
Bryce Love,RB,WAS,6.9,64.1,0,42.4,176.1,1.1,0.5,0,0,0,0,0,29.9,0,0,0,0,0,0,0,0,0,0,0
Ryquell Armstead,RB,JAC,12.7,102.6,0.3,31.9,126.8,0.8,0.2,0,0,0,0,0,29.3,0,0,0,0,0,0,0,0,0,0,0
Spencer Ware,RB,IND,7.2,66.6,0,37.5,159.3,1.2,0.5,0,0,0,0,0,28.9,0,0,0,0,0,0,0,0,0,0,0
Rodney Anderson,RB,CIN,7,61.5,0.5,27.5,126,1,0.5,0,0,0,0,0,26.8,0,0,0,0,0,0,0,0,0,0,0
Brandon Bolden,RB,NE,0,0.5,0,11.5,91,3,0.5,0,0,0,0,0,26.2,0,0,0,0,0,0,0,0,0,0,0
Kapri Bibbs,RB,GB,9,73,0.5,12,65,1.5,0,0,0,0,0,0,25.8,0,0,0,0,0,0,0,0,0,0,0
Mike Boone,RB,MIN,4,32.5,0.1,36.9,137.2,1.2,0.2,0,0,0,0,0,24.4,0,0,0,0,0,0,0,0,0,0,0
Andre Ellington,RB,TB,13,110.2,0.5,18.4,74.1,0.5,0.1,0,0,0,0,0,24.2,0,0,0,0,0,0,0,0,0,0,0
Tony Pollard,RB,DAL,9.7,77.8,0.4,24.6,100.5,0.7,0.2,0,0,0,0,0,24.1,0,0,0,0,0,0,0,0,0,0,0
Darius Jackson,RB,DAL,4,35,0,32.5,151,1,0.5,0,0,0,0,0,23.6,0,0,0,0,0,0,0,0,0,0,0
Justin Jackson,RB,LAC,5.6,51.2,0.1,35.1,142.1,0.7,0.5,0,0,0,0,0,23.2,0,0,0,0,0,0,0,0,0,0,0
Dexter Williams,RB,GB,4.3,33.6,0.2,28.4,113.5,0.7,0.2,0,0,0,0,0,19.7,0,0,0,0,0,0,0,0,0,0,0
James Develin,RB,NE,9.9,69.9,0.2,5.8,13.1,1.7,0,0,0,0,0,0,19.6,0,0,0,0,0,0,0,0,0,0,0
Anthony Sherman,RB,KC,9.7,108.7,1.1,4,12.5,0,0,0,0,0,0,0,18.6,0,0,0,0,0,0,0,0,0,0,0
Darwin Thompson,RB,KC,8.5,66.8,0.4,17.2,69.4,0.5,0.1,0,0,0,0,0,18.5,0,0,0,0,0,0,0,0,0,0,0
Jordan Wilkins,RB,IND,7,52.8,0.4,19.9,88.4,0.4,0.2,0,0,0,0,0,18.5,0,0,0,0,0,0,0,0,0,0,0
Travis Homer,RB,SEA,3.2,29.3,0.1,22.1,100.9,0.6,0,0,0,0,0,0,17.1,0,0,0,0,0,0,0,0,0,0,0
Jordan Scarlett,RB,CAR,3.8,29.9,0.1,20.9,85,0.6,0.1,0,0,0,0,0,15.6,0,0,0,0,0,0,0,0,0,0,0
Qadree Ollison,RB,ATL,2.2,17.3,0.1,24.9,98.7,0.6,0.1,0,0,0,0,0,15.6,0,0,0,0,0,0,0,0,0,0,0
Zach Zenner,RB,DET,1,7.5,0,14,69,1,0,0,0,0,0,0,13.7,0,0,0,0,0,0,0,0,0,0,0
Trenton Cannon,RB,NYJ,7.8,66,0.4,7.9,33.6,0.2,0.1,0,0,0,0,0,13.4,0,0,0,0,0,0,0,0,0,0,0
Justin Davis,RB,LAR,0.5,3.5,0,15.5,98,0.5,0,0,0,0,0,0,13.2,0,0,0,0,0,0,0,0,0,0,0
Benny Cunningham,RB,JAC,8.7,71.4,0.2,8,33.6,0.2,0.2,0,0,0,0,0,12.9,0,0,0,0,0,0,0,0,0,0,0
Kenneth Farrow,RB,MIA,0,0,0,25.4,102.5,0.5,0.2,0,0,0,0,0,12.7,0,0,0,0,0,0,0,0,0,0,0
Zach Line,RB,NO,6.1,49.3,0.3,8.7,34,0.4,0.1,0,0,0,0,0,12.3,0,0,0,0,0,0,0,0,0,0,0
Darrel Williams,RB,KC,1.5,14.5,0.5,13.5,47.5,0.5,0,0,0,0,0,0,12.2,0,0,0,0,0,0,0,0,0,0,0
De'Angelo Henderson,RB,NYJ,0.5,9.5,0.5,14.5,61,0.5,0.5,0,0,0,0,0,12.1,0,0,0,0,0,0,0,0,0,0,0
Raheem Mostert,RB,SF,0.5,1.5,0,12,88.5,0.5,0,0,0,0,0,0,12,0,0,0,0,0,0,0,0,0,0,0
Mike Weber,RB,DAL,2,15.6,0.1,16.4,65.4,0.6,0.1,0,0,0,0,0,11.7,0,0,0,0,0,0,0,0,0,0,0
Ameer Abdullah,RB,MIN,1.5,9.5,0,13,47,1,0,0,0,0,0,0,11.7,0,0,0,0,0,0,0,0,0,0,0
Wendell Smallwood,RB,PHI,4.4,34.5,0.2,12.1,51,0.3,0.1,0,0,0,0,0,11.5,0,0,0,0,0,0,0,0,0,0,0
Elijhaa Penny,RB,NYG,8.2,68.8,0.3,4,16.4,0.2,0.1,0,0,0,0,0,11.3,0,0,0,0,0,0,0,0,0,0,0
Thomas Rawls,RB,JAC,0.5,3.5,0,14.5,46.5,1,0,0,0,0,0,0,11,0,0,0,0,0,0,0,0,0,0,0
CJ Ham,RB,MIN,4.1,34.9,0.1,8.2,25.6,0.7,0.1,0,0,0,0,0,10.6,0,0,0,0,0,0,0,0,0,0,0
Karan Higdon,RB,HOU,3.8,30.6,0.1,12.3,45.2,0.4,0.1,0,0,0,0,0,10.5,0,0,0,0,0,0,0,0,0,0,0
Andy Janovich,RB,DEN,8.5,76.4,0.2,2,6,0.1,0.1,0,0,0,0,0,10.4,0,0,0,0,0,0,0,0,0,0,0
T.J. Logan,RB,ARI,3.9,32.1,0.1,11.3,42.4,0.4,0.1,0,0,0,0,0,10.4,0,0,0,0,0,0,0,0,0,0,0
Alex Armah,RB,CAR,0,0,0,8.4,25.6,0.7,0.1,0,0,0,0,0,6.9,0,0,0,0,0,0,0,0,0,0,0
James Williams,RB,KC,4.3,33.4,0.2,3.4,12.5,0.1,0,0,0,0,0,0,6.4,0,0,0,0,0,0,0,0,0,0,0
Trayveon Williams,RB,CIN,2,15.9,0.1,7.5,30,0.2,0,0,0,0,0,0,5.8,0,0,0,0,0,0,0,0,0,0,0
Devine Ozigbo,RB,NO,0,0,0,8.7,34.8,0.3,0,0,0,0,0,0,5.3,0,0,0,0,0,0,0,0,0,0,0
Jamize Olawale,RB,DAL,4,33.6,0.2,0,0,0,0,0,0,0,0,0,4.3,0,0,0,0,0,0,0,0,0,0,0
Keith Smith,RB,OAK,4.5,35.8,0.1,0,0,0,0,0,0,0,0,0,4.2,0,0,0,0,0,0,0,0,0,0,0
Patrick DiMarco,RB,BUF,3.6,33,0.1,0,0,0,0,0,0,0,0,0,3.9,0,0,0,0,0,0,0,0,0,0,0
Derek Watt,RB,LAC,0,0,0,4.1,12.6,0.3,0,0,0,0,0,0,3,0,0,0,0,0,0,0,0,0,0,0
Ricky Ortiz,RB,ATL,2.2,18.1,0.2,0,0,0,0,0,0,0,0,0,2.8,0,0,0,0,0,0,0,0,0,0,0
Roosevelt Nix,RB,PIT,2.4,20.4,0.1,0,0,0,0,0,0,0,0,0,2.5,0,0,0,0,0,0,0,0,0,0,0
David Fluellen,RB,TEN,0,0,0,4.2,15.2,0.1,0,0,0,0,0,0,2.3,0,0,0,0,0,0,0,0,0,0,0
Malcolm Johnson,RB,GB,0,0,0,0,0,0,0,0,0,0,0,0,0,0,0,0,0,0,0,0,0,0,0,0
De'Lance Turner,RB,BAL,0,0,0,0,0,0,0,0,0,0,0,0,0,0,0,0,0,0,0,0,0,0,0,0
Elijah Hood,RB,CAR,0,0,0,0,0,0,0,0,0,0,0,0,0,0,0,0,0,0,0,0,0,0,0,0
John Kelly,RB,LAR,0,0,0,0,0,0,0,0,0,0,0,0,0,0,0,0,0,0,0,0,0,0,0,0
Dare Ogunbowale,RB,TB,0,0,0,0,0,0,0,0,0,0,0,0,0,0,0,0,0,0,0,0,0,0,0,0
Detrez Newsome,RB,LAC,0,0,0,0,0,0,0,0,0,0,0,0,0,0,0,0,0,0,0,0,0,0,0,0
Boston Scott,RB,PHI,0,0,0,0,0,0,0,0,0,0,0,0,0,0,0,0,0,0,0,0,0,0,0,0
Tra Carson,RB,GB,0,0,0,0,0,0,0,0,0,0,0,0,0,0,0,0,0,0,0,0,0,0,0,0
Tyler Ervin,RB,BAL,0,0,0,0,0,0,0,0,0,0,0,0,0,0,0,0,0,0,0,0,0,0,0,0
Cullen Gillaspia,RB,HOU,0,0,0,0,0,0,0,0,0,0,0,0,0,0,0,0,0,0,0,0,0,0,0,0
Cethan Carter,RB,CIN,0,0,0,0,0,0,0,0,0,0,0,0,0,0,0,0,0,0,0,0,0,0,0,0
Senorise Perry,RB,BUF,0,0,0,0,0,0,0,0,0,0,0,0,0,0,0,0,0,0,0,0,0,0,0,0
Shaun Wilson,RB,TB,0,0,0,0,0,0,0,0,0,0,0,0,0,0,0,0,0,0,0,0,0,0,0,0
Chris Warren III,RB,OAK,0,0,0,0,0,0,0,0,0,0,0,0,0,0,0,0,0,0,0,0,0,0,0,0
D.J. Foster,RB,ARI,0,0,0,0,0,0,0,0,0,0,0,0,0,0,0,0,0,0,0,0,0,0,0,0
Mark Walton,RB,MIA,0,0,0,0,0,0,0,0,0,0,0,0,0,0,0,0,0,0,0,0,0,0,0,0
Isaiah Crowell,RB,OAK,0,0,0,0,0,0,0,0,0,0,0,0,0,0,0,0,0,0,0,0,0,0,0,0
Bo Scarbrough,RB,SEA,0,0,0,0,0,0,0,0,0,0,0,0,0,0,0,0,0,0,0,0,0,0,0,0
Dontrell Hilliard,RB,CLE,0,0,0,0,0,0,0,0,0,0,0,0,0,0,0,0,0,0,0,0,0,0,0,0
Paul Perkins,RB,NYG,0,0,0,0,0,0,0,0,0,0,0,0,0,0,0,0,0,0,0,0,0,0,0,0
Roc Thomas,RB,MIN,0,0,0,0,0,0,0,0,0,0,0,0,0,0,0,0,0,0,0,0,0,0,0,0
Marcus Green,RB,ATL,0,0,0,0,0,0,0,0,0,0,0,0,0,0,0,0,0,0,0,0,0,0,0,0
Nick Bawden,RB,DET,0,0,0,0,0,0,0,0,0,0,0,0,0,0,0,0,0,0,0,0,0,0,0,0
Marcus Murphy,RB,BUF,0,0,0,0,0,0,0,0,0,0,0,0,0,0,0,0,0,0,0,0,0,0,0,0
Jonathan Williams,RB,IND,0,0,0,0,0,0,0,0,0,0,0,0,0,0,0,0,0,0,0,0,0,0,0,0
Kenjon Barner,RB,ATL,0,0,0,0,0,0,0,0,0,0,0,0,0,0,0,0,0,0,0,0,0,0,0,0
Trey Edmunds,RB,PIT,0,0,0,0,0,0,0,0,0,0,0,0,0,0,0,0,0,0,0,0,0,0,0,0
Brian Hill,RB,ATL,0,0,0,0,0,0,0,0,0,0,0,0,0,0,0,0,0,0,0,0,0,0,0,0
Rod Smith,RB,NYG,0,0,0,0,0,0,0,0,0,0,0,0,0,0,0,0,0,0,0,0,0,0,0,0
Josh Adams,RB,PHI,0,0,0,0,0,0,0,0,0,0,0,0,0,0,0,0,0,0,0,0,0,0,0,0
Josh Ferguson,RB,HOU,0,0,0,0,0,0,0,0,0,0,0,0,0,0,0,0,0,0,0,0,0,0,0,0
Khalfani Muhammad,RB,DEN,0,0,0,0,0,0,0,0,0,0,0,0,0,0,0,0,0,0,0,0,0,0,0,0
Kerwynn Williams,RB,TB,0,0,0,0,0,0,0,0,0,0,0,0,0,0,0,0,0,0,0,0,0,0,0,0
Donnel Pumphrey,RB,PHI,0,0,0,0,0,0,0,0,0,0,0,0,0,0,0,0,0,0,0,0,0,0,0,0
Samaje Perine,RB,WAS,0,0,0,0,0,0,0,0,0,0,0,0,0,0,0,0,0,0,0,0,0,0,0,0
Elijah Holyfield,RB,CAR,0,0,0,0,0,0,0,0,0,0,0,0,0,0,0,0,0,0,0,0,0,0,0,0
Jeremy McNichols,RB,TEN,0,0,0,0,0,0,0,0,0,0,0,0,0,0,0,0,0,0,0,0,0,0,0,0
Dan Vitale,RB,GB,0,0,0,0,0,0,0,0,0,0,0,0,0,0,0,0,0,0,0,0,0,0,0,0
C.J. Prosise,RB,SEA,0,0,0,0,0,0,0,0,0,0,0,0,0,0,0,0,0,0,0,0,0,0,0,0
DeAndre Washington,RB,OAK,0,0,0,0,0,0,0,0,0,0,0,0,0,0,0,0,0,0,0,0,0,0,0,0
Quinton Flowers,RB,CIN,0,0,0,0,0,0,0,0,0,0,0,0,0,0,0,0,0,0,0,0,0,0,0,0
Gregory Howell,RB,HOU,0,0,0,0,0,0,0,0,0,0,0,0,0,0,0,0,0,0,0,0,0,0,0,0
Jeff Wilson,RB,SF,0,0,0,0,0,0,0,0,0,0,0,0,0,0,0,0,0,0,0,0,0,0,0,0
Taquan Mizzell,RB,CHI,0,0,0,0,0,0,0,0,0,0,0,0,0,0,0,0,0,0,0,0,0,0,0,0
Michael Burton,RB,NO,0,0,0,0,0,0,0,0,0,0,0,0,0,0,0,0,0,0,0,0,0,0,0,0
Devante Mays,RB,CLE,0,0,0,0,0,0,0,0,0,0,0,0,0,0,0,0,0,0,0,0,0,0,0,0
Dwayne Washington,RB,NO,0,0,0,0,0,0,0,0,0,0,0,0,0,0,0,0,0,0,0,0,0,0,0,0
Ty Johnson,RB,DET,0,0,0,0,0,0,0,0,0,0,0,0,0,0,0,0,0,0,0,0,0,0,0,0
Troymaine Pope,RB,LAC,0,0,0,0,0,0,0,0,0,0,0,0,0,0,0,0,0,0,0,0,0,0,0,0
Patrick Mahomes,QB,KC,0,0,0,56,233.9,2.4,3.2,571.9,372.6,"4,784.9",34.9,11.6,339.5,0,0,0,0,0,0,0,0,0,0,0
Matt Ryan,QB,ATL,0,0,0,33.2,119.5,1.5,2.5,583.9,404.3,"4,776.1",31.1,8.3,314.9,0,0,0,0,0,0,0,0,0,0,0
Deshaun Watson,QB,HOU,0,0,0,96.8,533.3,4.6,3.5,508.8,340.2,"4,017.9",25.4,13.2,310.1,0,0,0,0,0,0,0,0,0,0,0
Aaron Rodgers,QB,GB,0,0,0,45.2,264,1.8,2.8,588.5,377.1,"4,398.6",29.3,7.4,310.1,0,0,0,0,0,0,0,0,0,0,0
Cam Newton,QB,CAR,0,0,0,112.6,575.3,4.6,2.4,517.1,349.4,"3,801.6",24.9,14.8,302.2,0,0,0,0,0,0,0,0,0,0,0
Andrew Luck,QB,IND,0,0,0,51.5,194.4,1,2.9,596.5,395.6,"4,378",33,14.1,298.5,0,0,0,0,0,0,0,0,0,0,0
Ben Roethlisberger,QB,PIT,0,0,0,30.8,77.9,1.6,2.3,649.8,426.8,"4,875.2",29.1,17.4,289.6,0,0,0,0,0,0,0,0,0,0,0
Dak Prescott,QB,DAL,0,0,0,66,318.6,6.3,3.1,511.5,343.8,"3,815.8",23.3,10.1,289.2,0,0,0,0,0,0,0,0,0,0,0
Jameis Winston,QB,TB,0,0,0,62.3,306.9,1.2,3.4,564.4,364.7,"4,652.8",27.1,18.7,288.3,0,0,0,0,0,0,0,0,0,0,0
Baker Mayfield,QB,CLE,0,0,0,44.2,149.5,0.5,2.5,573.7,372.6,"4,426.8",31,14.6,284.7,0,0,0,0,0,0,0,0,0,0,0
Jared Goff,QB,LAR,0,0,0,38.6,102,1.4,2.8,548.3,353.1,"4,421",28.9,11.2,283,0,0,0,0,0,0,0,0,0,0,0
Drew Brees,QB,NO,0,0,0,32.6,30.6,2.2,2.1,541,384.9,"4,257.2",29.6,9.1,282.2,0,0,0,0,0,0,0,0,0,0,0
Russell Wilson,QB,SEA,0,0,0,68.1,368.1,1.4,3,449.7,294.4,"3,568.2",29.2,9.2,280,0,0,0,0,0,0,0,0,0,0,0
Kyler Murray,QB,ARI,0,0,0,101,569,3.4,4.1,541.2,335.7,"3,725.5",23.5,16.3,279.2,0,0,0,0,0,0,0,0,0,0,0
Tom Brady,QB,NE,0,0,0,27.4,44.8,1.2,2.1,591.1,389.9,"4,370.3",29,12,274.3,0,0,0,0,0,0,0,0,0,0,0
Carson Wentz,QB,PHI,0,0,0,52.1,186.9,0.8,3.4,561.5,373.5,"4,115.9",29.4,12.8,273,0,0,0,0,0,0,0,0,0,0,0
Lamar Jackson,QB,BAL,0,0,0,164.8,805.2,5.5,6,448,271.9,"3,027.6",17.8,10.4,272.9,0,0,0,0,0,0,0,0,0,0,0
Josh Allen,QB,BUF,0,0,0,103.2,669.7,6.9,3.3,481.1,277.1,"3,233.7",17.1,16.4,266.4,0,0,0,0,0,0,0,0,0,0,0
Philip Rivers,QB,LAC,0,0,0,19.2,33.7,0.1,1.9,534,352.6,"4,341.5",29.1,12.7,264.6,0,0,0,0,0,0,0,0,0,0,0
Kirk Cousins,QB,MIN,0,0,0,45.5,138.3,2.3,3,562.2,392.4,"4,148.2",25,12.1,263.2,0,0,0,0,0,0,0,0,0,0,0
Mitch Trubisky,QB,CHI,0,0,0,63,374.5,2.3,3,511.2,334.5,"3,713.2",23.8,13.5,262,0,0,0,0,0,0,0,0,0,0,0
Jimmy Garoppolo,QB,SF,0,0,0,39.7,96.5,1.3,2.8,540.1,348.9,"4,360.9",26,15,260.2,0,0,0,0,0,0,0,0,0,0,0
Derek Carr,QB,OAK,0,0,0,23.5,56.9,0.7,2.8,575.6,389.7,"4,273.5",23.7,12,246.3,0,0,0,0,0,0,0,0,0,0,0
Matthew Stafford,QB,DET,0,0,0,25.3,88.9,0.4,2.2,548.5,366.5,"3,929",23.5,11.2,236,0,0,0,0,0,0,0,0,0,0,0
Sam Darnold,QB,NYJ,0,0,0,48.8,151.6,1.5,2.7,527.2,322.9,"3,699.6",24.9,17.1,232.2,0,0,0,0,0,0,0,0,0,0,0
Marcus Mariota,QB,TEN,0,0,0,70.3,380.9,2.5,3,436.9,293.3,"3,219.3",18.3,12.7,224,0,0,0,0,0,0,0,0,0,0,0
Andy Dalton,QB,CIN,0,0,0,30.6,133.2,0.5,1.9,536.5,334.2,"3,693.3",22.9,14.9,222.2,0,0,0,0,0,0,0,0,0,0,0
Nick Foles,QB,JAC,0,0,0,26.2,23.2,0.9,2.6,566.9,373.5,"4,057.2",19.9,14,216.6,0,0,0,0,0,0,0,0,0,0,0
Eli Manning,QB,NYG,0,0,0,15.2,26.1,0.9,3.6,500.9,333.9,"3,637.3",19,11.3,199.7,0,0,0,0,0,0,0,0,0,0,0
Josh Rosen,QB,MIA,0,0,0,29.8,164.6,0.6,3.1,472.1,295,"3,254.4",18.2,15.7,185.2,0,0,0,0,0,0,0,0,0,0,0
Joe Flacco,QB,DEN,0,0,0,22.2,58.2,0.4,1.7,496.1,312.4,"3,351.8",17.5,12.3,183.9,0,0,0,0,0,0,0,0,0,0,0
Dwayne Haskins,QB,WAS,0,0,0,19.2,57.3,0.8,1.8,388.5,242,"2,705.6",14.4,12.4,147.9,0,0,0,0,0,0,0,0,0,0,0
Case Keenum,QB,WAS,0,0,0,10,36.1,0.2,0.6,161.5,101.8,"1,100.3",5.5,4.6,60.2,0,0,0,0,0,0,0,0,0,0,0
Drew Lock,QB,DEN,0,0,0,4.5,18.2,0.1,0.5,81.5,50.8,589.8,3.2,2.3,33.4,0,0,0,0,0,0,0,0,0,0,0
Daniel Jones,QB,NYG,0,0,0,6.4,29.3,0.2,0.4,63.4,38.4,446.2,2.2,2.1,26,0,0,0,0,0,0,0,0,0,0,0
Taysom Hill,QB,NO,0,0,0,15.8,88.5,1.1,0.2,10.6,7.6,81.3,0.6,0.1,20.4,0,0,0,0,0,0,0,0,0,0,0
Nate Sudfeld,QB,PHI,0,0,0,2.5,8.4,0,0.1,25.9,16.1,183.5,1.3,0.3,12.5,0,0,0,0,0,0,0,0,0,0,0
Ryan Tannehill,QB,TEN,0,0,0,4.6,20.9,0.1,0.1,26.4,17.5,192.8,1.2,1,12.5,0,0,0,0,0,0,0,0,0,0,0
Ryan Fitzpatrick,QB,MIA,0,0,0,4,18.1,0,0,27.5,17,190.8,1.2,1.2,11.8,0,0,0,0,0,0,0,0,0,0,0
Robert Griffin,QB,BAL,0,0,0,3.5,19.7,0.1,0.1,19.2,11.7,130,0.8,0.2,10.6,0,0,0,0,0,0,0,0,0,0,0
DeShone Kizer,QB,GB,0,0,0,2,10.8,0,0.1,17.8,10.9,124.2,0.8,0.1,9,0,0,0,0,0,0,0,0,0,0,0
Chad Henne,QB,KC,0,0,0,2.2,3.5,0,0,17.4,11.2,140.2,0.8,0.1,9,0,0,0,0,0,0,0,0,0,0,0
Blaine Gabbert,QB,TB,0,0,0,0.5,1,0,0,18,10.5,138.5,1,0.5,8.6,0,0,0,0,0,0,0,0,0,0,0
Paxton Lynch,QB,SEA,0,0,0,2.7,12.5,0,0,13.5,9.1,104.6,0.8,0.1,8.3,0,0,0,0,0,0,0,0,0,0,0
Brett Hundley,QB,ARI,0,0,0,2,9.3,0,0.1,19.3,11.9,129.2,0.9,0.7,8.2,0,0,0,0,0,0,0,0,0,0,0
Jacoby Brissett,QB,IND,0,0,0,2.5,10.9,0,0,17.7,11.7,127.3,0.8,0.6,8.2,0,0,0,0,0,0,0,0,0,0,0
Teddy Bridgewater,QB,NO,0,0,0,2.7,4.6,0,0,16.3,11.4,124.3,0.8,0.1,8.2,0,0,0,0,0,0,0,0,0,0,0
Blake Bortles,QB,LAR,0,0,0,1.4,10.1,0,0,13.8,8.8,104,0.8,0.1,8,0,0,0,0,0,0,0,0,0,0,0
Drew Stanton,QB,CLE,0,0,0,2,9.1,0,0,17.8,11.2,127,0.8,0.6,7.9,0,0,0,0,0,0,0,0,0,0,0
AJ McCarron,QB,HOU,0,0,0,2.2,2.5,0,0.1,16.2,10.6,121.8,0.8,0.1,7.9,0,0,0,0,0,0,0,0,0,0,0
Tyrod Taylor,QB,LAC,0,0,0,2.5,12,0,0,15.4,10,121.2,0.7,0.6,7.9,0,0,0,0,0,0,0,0,0,0,0
Matt Schaub,QB,ATL,0,0,0,1.2,2,0,0.1,17.9,12.2,118.6,0.8,0.1,7.8,0,0,0,0,0,0,0,0,0,0,0
Nick Mullens,QB,SF,0,0,0,2,2.1,0,0,16.9,10.9,138.3,0.8,0.7,7.5,0,0,0,0,0,0,0,0,0,0,0
Joshua Dobbs,QB,PIT,0,0,0,2.2,8.2,0,0,19.7,12.9,120.7,0.8,0.7,7.4,0,0,0,0,0,0,0,0,0,0,0
Brian Hoyer,QB,NE,0,0,0,2.5,2,0,0,17.8,11.8,131.8,0.8,0.6,7.2,0,0,0,0,0,0,0,0,0,0,0
Trevor Siemian,QB,NYJ,0,0,0,2.2,8.9,0,0,15.9,9.9,109.8,0.8,0.6,7,0,0,0,0,0,0,0,0,0,0,0
Cooper Rush,QB,DAL,0,0,0,1.7,8.5,0,0,14.4,8.9,86.1,0.7,0.1,7,0,0,0,0,0,0,0,0,0,0,0
Chase Daniel,QB,CHI,0,0,0,2.2,4,0,0.1,15.5,10.1,110.6,0.8,0.6,6.5,0,0,0,0,0,0,0,0,0,0,0
Will Grier,QB,CAR,0,0,0,0.6,2.6,0,0,16.4,10.3,114.4,0.7,0.7,6.4,0,0,0,0,0,0,0,0,0,0,0
Mike Glennon,QB,OAK,0,0,0,2.2,3,0,0.5,17.3,11.6,128.2,0.7,0.6,6,0,0,0,0,0,0,0,0,0,0,0
Matt Barkley,QB,BUF,0,0,0,2.5,2.1,0,0,15,9,103.5,0.7,0.6,5.9,0,0,0,0,0,0,0,0,0,0,0
Jeff Driskel,QB,CIN,0,0,0,2.5,19,0,0,10.5,6,65,0.5,0.5,5.5,0,0,0,0,0,0,0,0,0,0,0
Tom Savage,QB,DET,0,0,0,2.1,2.7,0,0.6,17.1,10.5,115.6,0.7,0.6,5.5,0,0,0,0,0,0,0,0,0,0,0
Sean Mannion,QB,MIN,0,0,0,2.2,2,0,0.1,17.4,11,116.2,0.2,0.1,5.4,0,0,0,0,0,0,0,0,0,0,0
Ryan Griffin,QB,TB,0,0,0,0.4,1.2,0,0.1,12.2,7.2,88.9,0.5,0.5,4.8,0,0,0,0,0,0,0,0,0,0,0
Gardner Minshew,QB,JAC,0,0,0,0.5,1.5,0,0,9,5.5,59.5,0.5,0,4.5,0,0,0,0,0,0,0,0,0,0,0
Cody Kessler,QB,PHI,0,0,0,0.9,3.7,0,0.1,10.4,6.8,72.4,0.3,0.2,4.1,0,0,0,0,0,0,0,0,0,0,0
Ryan Finley,QB,CIN,0,0,0,0.3,0.7,0,0.1,11.3,6.5,73.9,0.4,0.4,3.7,0,0,0,0,0,0,0,0,0,0,0
Geno Smith,QB,SEA,0,0,0,0,0,0,0,0,0,0,0,0,0,0,0,0,0,0,0,0,0,0,0,0
Garrett Gilbert,QB,CLE,0,0,0,0,0,0,0,0,0,0,0,0,0,0,0,0,0,0,0,0,0,0,0,0
Cardale Jones,QB,LAC,0,0,0,0,0,0,0,0,0,0,0,0,0,0,0,0,0,0,0,0,0,0,0,0
Jake Rudock,QB,MIA,0,0,0,0,0,0,0,0,0,0,0,0,0,0,0,0,0,0,0,0,0,0,0,0
Brett Rypien,QB,DEN,0,0,0,0,0,0,0,0,0,0,0,0,0,0,0,0,0,0,0,0,0,0,0,0
Landry Jones,QB,OAK,0,0,0,0,0,0,0,0,0,0,0,0,0,0,0,0,0,0,0,0,0,0,0,0
Davis Webb,QB,NYJ,0,0,0,0,0,0,0,0,0,0,0,0,0,0,0,0,0,0,0,0,0,0,0,0
Kevin Hogan,QB,DEN,0,0,0,0,0,0,0,0,0,0,0,0,0,0,0,0,0,0,0,0,0,0,0,0
Easton Stick,QB,LAC,0,0,0,0,0,0,0,0,0,0,0,0,0,0,0,0,0,0,0,0,0,0,0,0
Alex Smith,QB,WAS,0,0,0,0,0,0,0,0,0,0,0,0,0,0,0,0,0,0,0,0,0,0,0,0
Kyle Lauletta,QB,NYG,0,0,0,0,0,0,0,0,0,0,0,0,0,0,0,0,0,0,0,0,0,0,0,0
Taylor Heinicke,QB,CAR,0,0,0,0,0,0,0,0,0,0,0,0,0,0,0,0,0,0,0,0,0,0,0,0
Clayton Thorson,QB,PHI,0,0,0,0,0,0,0,0,0,0,0,0,0,0,0,0,0,0,0,0,0,0,0,0
Trace McSorley,QB,BAL,0,0,0,0,0,0,0,0,0,0,0,0,0,0,0,0,0,0,0,0,0,0,0,0
Derek Anderson,QB,BUF,0,0,0,0,0,0,0,0,0,0,0,0,0,0,0,0,0,0,0,0,0,0,0,0
Tyler Bray,QB,CHI,0,0,0,0,0,0,0,0,0,0,0,0,0,0,0,0,0,0,0,0,0,0,0,0
Connor Cook,QB,DET,0,0,0,0,0,0,0,0,0,0,0,0,0,0,0,0,0,0,0,0,0,0,0,0
Joe Callahan,QB,TB,0,0,0,0,0,0,0,0,0,0,0,0,0,0,0,0,0,0,0,0,0,0,0,0
Mike White,QB,DAL,0,0,0,0,0,0,0,0,0,0,0,0,0,0,0,0,0,0,0,0,0,0,0,0
Logan Woodside,QB,TEN,0,0,0,0,0,0,0,0,0,0,0,0,0,0,0,0,0,0,0,0,0,0,0,0
Colt McCoy,QB,WAS,0,0,0,0,0,0,0,0,0,0,0,0,0,0,0,0,0,0,0,0,0,0,0,0
Brad Kaaya,QB,CIN,0,0,0,0,0,0,0,0,0,0,0,0,0,0,0,0,0,0,0,0,0,0,0,0
Luke Falk,QB,MIA,0,0,0,0,0,0,0,0,0,0,0,0,0,0,0,0,0,0,0,0,0,0,0,0
Alex McGough,QB,JAC,0,0,0,0,0,0,0,0,0,0,0,0,0,0,0,0,0,0,0,0,0,0,0,0
Tim Boyle,QB,GB,0,0,0,0,0,0,0,0,0,0,0,0,0,0,0,0,0,0,0,0,0,0,0,0
Alex Tanney,QB,NYG,0,0,0,0,0,0,0,0,0,0,0,0,0,0,0,0,0,0,0,0,0,0,0,0
Brandon Allen,QB,LAR,0,0,0,0,0,0,0,0,0,0,0,0,0,0,0,0,0,0,0,0,0,0,0,0
Nathan Peterman,QB,OAK,0,0,0,0,0,0,0,0,0,0,0,0,0,0,0,0,0,0,0,0,0,0,0,0
C.J. Beathard,QB,SF,0,0,0,0,0,0,0,0,0,0,0,0,0,0,0,0,0,0,0,0,0,0,0,0
Kyle Sloter,QB,MIN,0,0,0,0,0,0,0,0,0,0,0,0,0,0,0,0,0,0,0,0,0,0,0,0
Tanner Lee,QB,JAC,0,0,0,0,0,0,0,0,0,0,0,0,0,0,0,0,0,0,0,0,0,0,0,0
Danny Etling,QB,NE,0,0,0,0,0,0,0,0,0,0,0,0,0,0,0,0,0,0,0,0,0,0,0,0
Joe Webb,QB,HOU,0,0,0,0,0,0,0,0,0,0,0,0,0,0,0,0,0,0,0,0,0,0,0,0
Kyle Allen,QB,CAR,0,0,0,0,0,0,0,0,0,0,0,0,0,0,0,0,0,0,0,0,0,0,0,0
Mason Rudolph,QB,PIT,0,0,0,0,0,0,0,0,0,0,0,0,0,0,0,0,0,0,0,0,0,0,0,0
Jarrett Stidham,QB,NE,0,0,0,0,0,0,0,0,0,0,0,0,0,0,0,0,0,0,0,0,0,0,0,0
Chicago Bears,DST,CHI,0,0,0,0,0,0,0,0,0,0,0,0,118.3,43.3,15.4,11.8,17.1,3.4,0,306,"5,082.8",0,0,0
Buffalo Bills,DST,BUF,0,0,0,0,0,0,0,0,0,0,0,0,113.3,37,16.4,11.3,16.4,3.5,0,340.6,"5,069.9",0,0,0
New Orleans Saints,DST,NO,0,0,0,0,0,0,0,0,0,0,0,0,112.3,40.3,13.7,12.1,17.1,3.4,0,337.5,"5,700.4",0,0,0
Los Angeles Rams,DST,LAR,0,0,0,0,0,0,0,0,0,0,0,0,112.3,40.4,15.1,11.4,16.3,3.1,0,355.7,"5,727.2",0,0,0
Kansas City Chiefs,DST,KC,0,0,0,0,0,0,0,0,0,0,0,0,110.7,43.4,13.1,10.7,16,3.3,0,364.6,"5,937.1",0,0,0
Cleveland Browns,DST,CLE,0,0,0,0,0,0,0,0,0,0,0,0,110.4,36.8,15.7,11.5,16.4,3.2,0,345.4,"5,468.6",0,0,0
Denver Broncos,DST,DEN,0,0,0,0,0,0,0,0,0,0,0,0,110.3,42.4,13.3,11.9,17.2,2.9,0,356.2,"5,628.7",0,0,0
Washington Redskins,DST,WAS,0,0,0,0,0,0,0,0,0,0,0,0,110.1,44.6,12.6,11.5,16.9,2.9,0,363.9,"5,591.7",0,0,0
Indianapolis Colts,DST,IND,0,0,0,0,0,0,0,0,0,0,0,0,109.9,44,12.5,11.9,17.1,2.8,0,343.5,"5,552.7",0,0,0
Houston Texans,DST,HOU,0,0,0,0,0,0,0,0,0,0,0,0,108.3,37.9,12.9,13.3,18.9,3,0,343.5,"5,598.3",0,0,0
Carolina Panthers,DST,CAR,0,0,0,0,0,0,0,0,0,0,0,0,108.2,40.2,12.6,12.3,17.9,3,0,397.9,"5,966.3",0,0,0
Los Angeles Chargers,DST,LAC,0,0,0,0,0,0,0,0,0,0,0,0,107.6,43.2,13.4,9.4,13.7,3.1,0,311.2,"5,450.9",0,0,0
Jacksonville Jaguars,DST,JAC,0,0,0,0,0,0,0,0,0,0,0,0,106.9,40.6,14.5,8.9,12.8,3.2,0,320.7,"5,148",0,0,0
Arizona Cardinals,DST,ARI,0,0,0,0,0,0,0,0,0,0,0,0,106.6,46.1,11.1,10.4,15,2.6,1,393.8,"5,784",0,0,0
Minnesota Vikings,DST,MIN,0,0,0,0,0,0,0,0,0,0,0,0,106.2,47.1,12.7,9,12.9,2.6,0,323.5,"5,179.2",0,0,0
New York Jets,DST,NYJ,0,0,0,0,0,0,0,0,0,0,0,0,105.7,38.1,14.6,9.7,13.9,3.2,0,356.6,"5,542.8",0,0,0
Seattle Seahawks,DST,SEA,0,0,0,0,0,0,0,0,0,0,0,0,105.6,35.9,13,12.3,17.6,3.2,0,368.6,"5,889.8",0,0,0
Pittsburgh Steelers,DST,PIT,0,0,0,0,0,0,0,0,0,0,0,0,104.9,45,12.6,9.1,13.4,2.8,0,351.2,"5,373.2",0,0,0
Baltimore Ravens,DST,BAL,0,0,0,0,0,0,0,0,0,0,0,0,104.9,35.7,16.1,8.6,12.6,3.3,0,328,"5,169.7",0,0,0
Tennessee Titans,DST,TEN,0,0,0,0,0,0,0,0,0,0,0,0,103.6,40.4,13.1,9.6,13.7,3,0,333.9,"5,605.1",0,0,0
Detroit Lions,DST,DET,0,0,0,0,0,0,0,0,0,0,0,0,103.1,41.3,12.4,10,14.1,2.9,0,354.1,"5,788.3",0,0,0
New England Patriots,DST,NE,0,0,0,0,0,0,0,0,0,0,0,0,102.6,34.7,15,9.8,14.3,3.1,0,310.6,"5,557.3",0,0,0
San Francisco 49ers,DST,SF,0,0,0,0,0,0,0,0,0,0,0,0,102.3,44,11.1,9.2,13.2,3,0,392.1,"5,467.6",0,0,0
Green Bay Packers,DST,GB,0,0,0,0,0,0,0,0,0,0,0,0,101,43.5,12.1,9,12.6,2.6,0,358.4,"5,601",0,0,0
Dallas Cowboys,DST,DAL,0,0,0,0,0,0,0,0,0,0,0,0,100.3,38.3,12,10.6,14.8,2.8,0,339.8,"5,271.4",0,0,0
Miami Dolphins,DST,MIA,0,0,0,0,0,0,0,0,0,0,0,0,98.7,29.3,16.1,8.6,12.6,3.3,0,417.9,"6,200.1",0,0,0
Atlanta Falcons,DST,ATL,0,0,0,0,0,0,0,0,0,0,0,0,98.6,35.7,14.2,9.1,13.6,2.7,0,391.4,"5,915.2",0,0,0
Philadelphia Eagles,DST,PHI,0,0,0,0,0,0,0,0,0,0,0,0,97.5,40.4,11.6,9.2,12.9,2.6,0,320.2,"5,479.9",0,0,0
Cincinnati Bengals,DST,CIN,0,0,0,0,0,0,0,0,0,0,0,0,97.4,34.1,14.3,9,12.9,2.8,0,385.9,"6,007.7",0,0,0
New York Giants,DST,NYG,0,0,0,0,0,0,0,0,0,0,0,0,92.9,33.2,14,8,11.3,2.6,0,375.9,"5,554",0,0,0
Tampa Bay Buccaneers,DST,TB,0,0,0,0,0,0,0,0,0,0,0,0,89.1,34.5,10.2,9.8,14.3,2.4,0,425,"6,163.9",0,0,0
Oakland Raiders,DST,OAK,0,0,0,0,0,0,0,0,0,0,0,0,81.5,24.2,13.4,7.1,10.8,2.7,0,426.6,"6,191.6",0,0,0
Greg Zuerlein,K,LAR,0,0,0,0,0,0,0,0,0,0,0,0,139.7,0,0,0,0,0,0,0,0,33.3,38,39.8
Justin Tucker,K,BAL,0,0,0,0,0,0,0,0,0,0,0,0,129.2,0,0,0,0,0,0,0,0,33,36.2,30.2
Robbie Gould,K,SF,0,0,0,0,0,0,0,0,0,0,0,0,124.9,0,0,0,0,0,0,0,0,30.1,32.2,34.5
Wil Lutz,K,NO,0,0,0,0,0,0,0,0,0,0,0,0,123.3,0,0,0,0,0,0,0,0,28,32,39.3
Stephen Gostkowski,K,NE,0,0,0,0,0,0,0,0,0,0,0,0,120.1,0,0,0,0,0,0,0,0,27.1,31.4,38.9
Harrison Butker,K,KC,0,0,0,0,0,0,0,0,0,0,0,0,118.1,0,0,0,0,0,0,0,0,26.8,30.5,37.7
Michael Badgley,K,LAC,0,0,0,0,0,0,0,0,0,0,0,0,115.6,0,0,0,0,0,0,0,0,27.3,30.4,33.8
Adam Vinatieri,K,IND,0,0,0,0,0,0,0,0,0,0,0,0,114.5,0,0,0,0,0,0,0,0,24.7,28.7,40.5
Brett Maher,K,DAL,0,0,0,0,0,0,0,0,0,0,0,0,114.4,0,0,0,0,0,0,0,0,27,33.5,33.3
Giorgio Tavecchio,K,ATL,0,0,0,0,0,0,0,0,0,0,0,0,113.3,0,0,0,0,0,0,0,0,26.6,32.2,33.5
Mason Crosby,K,GB,0,0,0,0,0,0,0,0,0,0,0,0,112.8,0,0,0,0,0,0,0,0,26.7,32.6,32.7
Chandler Catanzaro,K,NYJ,0,0,0,0,0,0,0,0,0,0,0,0,112.2,0,0,0,0,0,0,0,0,26.6,33.8,32.4
Austin Seibert,K,CLE,0,0,0,0,0,0,0,0,0,0,0,0,112.2,0,0,0,0,0,0,0,0,24.4,29.2,39
Matt Prater,K,DET,0,0,0,0,0,0,0,0,0,0,0,0,112,0,0,0,0,0,0,0,0,27,30.9,31
Graham Gano,K,CAR,0,0,0,0,0,0,0,0,0,0,0,0,110.3,0,0,0,0,0,0,0,0,24.4,27.4,37.1
Chris Boswell,K,PIT,0,0,0,0,0,0,0,0,0,0,0,0,109,0,0,0,0,0,0,0,0,23.7,30.1,37.9
Aldrick Rosas,K,NYG,0,0,0,0,0,0,0,0,0,0,0,0,108.4,0,0,0,0,0,0,0,0,26.6,29.7,28.7
Jason Myers,K,SEA,0,0,0,0,0,0,0,0,0,0,0,0,108.2,0,0,0,0,0,0,0,0,23.5,26.5,37.7
Jake Elliott,K,PHI,0,0,0,0,0,0,0,0,0,0,0,0,107.6,0,0,0,0,0,0,0,0,25.4,29.8,31.4
Ryan Succop,K,TEN,0,0,0,0,0,0,0,0,0,0,0,0,107.1,0,0,0,0,0,0,0,0,25.6,29.8,30.2
Eddy Pineiro,K,CHI,0,0,0,0,0,0,0,0,0,0,0,0,105.6,0,0,0,0,0,0,0,0,24,29.5,33.7
Daniel Carlson,K,OAK,0,0,0,0,0,0,0,0,0,0,0,0,104.7,0,0,0,0,0,0,0,0,25.6,31.6,27.9
Matt Gay,K,TB,0,0,0,0,0,0,0,0,0,0,0,0,104.1,0,0,0,0,0,0,0,0,23.9,29,32.4
Josh Lambo,K,JAC,0,0,0,0,0,0,0,0,0,0,0,0,101.6,0,0,0,0,0,0,0,0,24.7,27.7,27.4
Dan Bailey,K,MIN,0,0,0,0,0,0,0,0,0,0,0,0,101.4,0,0,0,0,0,0,0,0,24.4,30.9,28.1
Dustin Hopkins,K,WAS,0,0,0,0,0,0,0,0,0,0,0,0,97.5,0,0,0,0,0,0,0,0,23.5,27,27.1
Steven Hauschka,K,BUF,0,0,0,0,0,0,0,0,0,0,0,0,97.2,0,0,0,0,0,0,0,0,23.5,28.1,26.8
Zane Gonzalez,K,ARI,0,0,0,0,0,0,0,0,0,0,0,0,91.8,0,0,0,0,0,0,0,0,20.8,28.7,29.5
Randy Bullock,K,CIN,0,0,0,0,0,0,0,0,0,0,0,0,91.7,0,0,0,0,0,0,0,0,21.9,26.1,26.1
Brandon McManus,K,DEN,0,0,0,0,0,0,0,0,0,0,0,0,91.6,0,0,0,0,0,0,0,0,22.3,27.3,24.9
Jason Sanders,K,MIA,0,0,0,0,0,0,0,0,0,0,0,0,85.7,0,0,0,0,0,0,0,0,20.8,24,23.2
Greg Joseph,K,CLE,0,0,0,0,0,0,0,0,0,0,0,0,54,0,0,0,0,0,0,0,0,12,14,18
Tristan Vizcaino,K,CIN,0,0,0,0,0,0,0,0,0,0,0,0,0,0,0,0,0,0,0,0,0,0,0,0
Cole Murphy,K,ARI,0,0,0,0,0,0,0,0,0,0,0,0,0,0,0,0,0,0,0,0,0,0,0,0
Cairo Santos,K,TB,0,0,0,0,0,0,0,0,0,0,0,0,0,0,0,0,0,0,0,0,0,0,0,0
Kasey Redfern,K,DAL,0,0,0,0,0,0,0,0,0,0,0,0,0,0,0,0,0,0,0,0,0,0,0,0
Sam Ficken,K,GB,0,0,0,0,0,0,0,0,0,0,0,0,0,0,0,0,0,0,0,0,0,0,0,0
Chris Blewitt,K,CHI,0,0,0,0,0,0,0,0,0,0,0,0,0,0,0,0,0,0,0,0,0,0,0,0